method,budget,frame,psnr,rays,ms,steps
PT,0.5,0,14.3405,21814,11.759,1520706
PT,0.5,1,16.0004,22109,12.685,1538115
PT,0.5,2,17.3102,22091,11.863,1538009
PT,0.5,3,17.9663,21703,11.385,1504212
PT,0.5,4,18.5747,21914,11.671,1526160
PT,0.5,5,19.1857,21549,11.679,1503831
PT,0.5,6,19.7035,21950,13.538,1525081
PT,0.5,7,20.1544,22237,12.818,1548329
PT,0.5,8,20.4334,21883,14.159,1519584
PT,0.5,9,20.8148,22134,17.657,1538824
PT,0.5,10,21.2110,21983,17.466,1526603
PT,0.5,11,21.4876,22017,17.751,1527407
PT,0.5,12,21.7199,22304,17.801,1562305
PT,0.5,13,21.9660,22096,17.624,1534893
PT,0.5,14,22.3017,21711,17.305,1507051
PT,0.5,15,22.6153,21401,11.270,1479558
PT,0.5,16,22.8311,21909,11.420,1523203
PT,0.5,17,23.1754,21775,11.501,1516285
PT,0.5,18,23.4364,21961,11.409,1514667
PT,0.5,19,23.6605,21816,12.435,1527554
PT,0.5,20,23.9433,21992,11.605,1534629
PT,0.5,21,24.1133,21596,11.280,1498250
PT,0.5,22,24.3166,21873,11.426,1519580
PT,0.5,23,24.5722,21875,11.423,1523591
PT,0.5,24,24.7322,21688,11.331,1508612
PT,0.5,25,24.8473,22060,11.512,1539344
PT,0.5,26,24.9935,21878,11.514,1521185
PT,0.5,27,25.1535,22070,11.493,1527502
PT,0.5,28,25.3351,21883,11.459,1523098
PT,0.5,29,25.4721,22190,11.626,1543103
PT,0.5,30,25.5729,22063,11.442,1524668
PT,0.5,31,25.7061,21896,11.410,1519382
PT,0.5,32,25.8742,22313,11.608,1548699
PT,0.5,33,25.8801,22108,11.624,1548517
PT,0.5,34,25.9700,21791,11.378,1508060
PT,0.5,35,26.0823,22062,11.500,1526569
PT,0.5,36,26.0918,21767,11.336,1499788
PT,0.5,37,26.1339,22027,11.488,1528112
PT,0.5,38,26.2568,22013,11.490,1535585
PT,0.5,39,26.3066,22208,11.526,1533249
PT,0.5,40,26.3052,22092,11.520,1545662
PT,0.5,41,26.3738,21959,11.501,1529515
PT,0.5,42,26.4440,22190,11.576,1536860
PT,0.5,43,26.4606,22149,11.504,1534326
PT,0.5,44,26.6497,21746,11.376,1503328
PT,0.5,45,26.6616,22235,11.617,1548364
PT,0.5,46,26.6100,22091,11.826,1543011
PT,0.5,47,26.5599,22002,11.790,1536519
PT,0.5,48,26.5539,22140,11.652,1538570
PT,0.5,49,26.5590,22109,12.022,1539756
PT,0.5,50,26.6477,22008,11.661,1526185
PT,0.5,51,25.2826,21544,11.377,1500131
PT,0.5,52,25.3159,22183,11.581,1530633
PT,0.5,53,25.3166,22022,11.472,1516900
PT,0.5,54,25.3867,22126,11.552,1536621
PT,0.5,55,25.3278,21694,11.385,1505279
PT,0.5,56,25.3321,22057,11.458,1526446
PT,0.5,57,25.4517,21912,11.528,1529716
PT,0.5,58,25.5384,21844,11.439,1526161
PT,0.5,59,25.2804,21743,11.484,1505339
PT,0.5,60,25.4027,21517,11.394,1508029
PT,0.5,61,25.4039,21910,11.489,1525981
PT,0.5,62,25.4533,21751,11.395,1513858
PT,0.5,63,25.5711,21758,11.485,1524998
PT,0.5,64,25.5544,22003,11.520,1539231
PT,0.5,65,25.6180,22002,11.501,1521149
PT,0.5,66,25.6966,22209,13.314,1535492
PT,0.5,67,25.7258,22108,11.652,1529449
PT,0.5,68,25.7085,21808,11.662,1516451
PT,0.5,69,25.8495,21816,11.616,1520858
PT,0.5,70,25.8569,21567,11.412,1504704
PT,0.5,71,25.8873,21715,11.421,1510276
PT,0.5,72,26.0049,22153,11.583,1538564
PT,0.5,73,25.9403,21867,11.522,1524909
PT,0.5,74,25.9838,21875,11.452,1527348
PT,0.5,75,21.4325,22225,12.315,1561692
PT,0.5,76,21.8910,21737,11.994,1527952
PT,0.5,77,22.2221,21903,11.813,1525554
PT,0.5,78,22.6245,21864,11.638,1538675
PT,0.5,79,22.9748,21934,11.854,1548482
PT,0.5,80,23.2327,21751,11.790,1532464
PT,0.5,81,23.5610,21980,11.650,1540561
PT,0.5,82,23.1074,22240,11.810,1558316
PT,0.5,83,23.3080,22100,11.850,1563919
PT,0.5,84,23.5210,22067,11.638,1548282
PT,0.5,85,23.6744,21846,11.522,1527684
PT,0.5,86,23.8650,21633,11.571,1523218
PT,0.5,87,24.0266,22123,11.792,1553375
PT,0.5,88,24.1837,21828,11.537,1532957
PT,0.5,89,24.3750,22109,11.666,1555357
PT,0.5,90,24.5114,21909,11.609,1530796
PT,0.5,91,24.7158,21746,11.723,1527218
PT,0.5,92,24.7416,21955,11.670,1539262
PT,0.5,93,24.8836,22375,11.774,1557927
PT,0.5,94,25.0744,22101,11.757,1548053
PT,0.5,95,25.0782,22033,11.695,1558502
PT,0.5,96,25.1366,21900,11.670,1543320
PT,0.5,97,25.2540,22116,11.820,1557811
PT,0.5,98,25.2883,22120,11.637,1540748
PT,0.5,99,25.4010,21713,11.582,1520459
PT,0.5,100,25.5405,21780,11.555,1525306
PT,0.5,101,25.6490,21979,12.536,1541727
PT,0.5,102,25.6009,22002,11.763,1547809
PT,0.5,103,25.6839,21970,11.600,1532380
PT,0.5,104,25.8480,22027,11.880,1551716
PT,0.5,105,25.9813,21673,11.560,1516632
PT,0.5,106,25.8836,21906,11.814,1556289
PT,0.5,107,25.9338,22208,11.822,1554765
PT,0.5,108,26.0678,21924,11.872,1532029
PT,0.5,109,26.2097,22104,11.771,1551751
PT,0.5,110,26.2740,22039,12.044,1552903
PT,0.5,111,26.3161,21945,11.887,1547985
PT,0.5,112,26.4885,22119,11.975,1548674
PT,0.5,113,26.2531,21901,11.720,1539648
PT,0.5,114,26.3011,21990,11.755,1549635
PT,0.5,115,26.4567,21944,12.390,1535180
PT,0.5,116,26.5368,21849,12.292,1530115
PT,0.5,117,26.6306,21993,12.148,1548824
PT,0.5,118,26.4311,21758,11.954,1525113
PT,0.5,119,26.5049,22006,12.069,1547742
PT,0.5,120,26.4781,22093,12.318,1545765
PT,0.5,121,26.4945,21929,11.841,1546351
PT,0.5,122,26.5686,21577,11.731,1507338
PT,0.5,123,26.5749,21859,11.807,1537999
PT,0.5,124,26.7719,21779,11.732,1524949
PT,0.5,125,26.1272,21924,11.753,1537207
PT,0.5,126,26.1855,21563,11.589,1517153
PT,0.5,127,25.7247,21881,11.579,1534648
PT,0.5,128,25.6515,22142,11.678,1555888
PT,0.5,129,25.6504,21947,11.674,1546136
PT,0.5,130,25.7807,21758,11.613,1520696
PT,0.5,131,25.9196,22338,11.854,1563124
PT,0.5,132,25.9315,22009,13.716,1550169
PT,0.5,133,25.9936,22008,11.780,1555385
PT,0.5,134,25.9111,21866,11.616,1521527
PT,0.5,135,25.9323,21613,11.777,1519505
PT,0.5,136,26.0991,22041,11.829,1551551
PT,0.5,137,26.1694,22260,11.830,1555389
PT,0.5,138,26.1526,21731,11.603,1517731
PT,0.5,139,26.2640,21741,11.677,1538064
PT,0.5,140,26.2627,21811,11.578,1526923
PT,0.5,141,26.2837,21928,11.740,1548060
PT,0.5,142,26.3909,22132,11.881,1544239
PT,0.5,143,26.4656,22279,12.045,1571715
PT,0.5,144,26.4202,22021,11.663,1541154
PT,0.5,145,26.4821,22077,11.658,1552954
PT,0.5,146,26.5675,21809,11.679,1533916
PT,0.5,147,26.5823,22206,11.796,1552512
PT,0.5,148,26.6785,21884,11.602,1533172
PT,0.5,149,26.7709,22089,11.720,1540725
DDGI,0.5,0,12.5804,17471,16.085,941657
DDGI,0.5,1,13.0432,16868,16.340,972671
DDGI,0.5,2,13.4558,16572,16.217,979662
DDGI,0.5,3,14.0422,16953,16.427,1037526
DDGI,0.5,4,14.5234,16620,16.098,950694
DDGI,0.5,5,14.7507,16547,15.860,912494
DDGI,0.5,6,15.2493,17273,15.787,939618
DDGI,0.5,7,15.4524,17396,16.084,919220
DDGI,0.5,8,15.7546,16848,16.228,958946
DDGI,0.5,9,16.0253,16615,16.134,993098
DDGI,0.5,10,16.4013,16970,16.242,1033617
DDGI,0.5,11,16.6764,16540,16.082,939982
DDGI,0.5,12,16.8310,16531,15.916,917543
DDGI,0.5,13,17.0105,17294,16.374,952691
DDGI,0.5,14,17.1903,17418,15.593,907514
DDGI,0.5,15,17.4329,16809,16.299,951133
DDGI,0.5,16,17.7409,16893,17.109,1031119
DDGI,0.5,17,18.0188,16794,16.659,1009674
DDGI,0.5,18,18.2332,16556,16.103,950366
DDGI,0.5,19,18.3467,16719,16.200,944435
DDGI,0.5,20,18.4751,17128,15.991,934573
DDGI,0.5,21,18.6076,17331,15.531,886500
DDGI,0.5,22,18.8149,16800,16.252,953316
DDGI,0.5,23,19.1110,17020,16.940,1032574
DDGI,0.5,24,19.2562,16684,16.607,992287
DDGI,0.5,25,19.4713,16462,16.422,956306
DDGI,0.5,26,19.5871,16851,16.576,954352
DDGI,0.5,27,19.6896,16998,15.873,924114
DDGI,0.5,28,19.8144,17353,15.437,878123
DDGI,0.5,29,19.9809,17020,16.364,984870
DDGI,0.5,30,20.1602,16910,16.506,1009249
DDGI,0.5,31,20.3310,16622,16.262,984438
DDGI,0.5,32,20.4989,16709,16.502,990414
DDGI,0.5,33,20.6060,16756,16.122,940552
DDGI,0.5,34,20.6749,16926,16.470,920568
DDGI,0.5,35,20.8107,17401,15.896,902674
DDGI,0.5,36,20.9336,17102,18.658,972513
DDGI,0.5,37,21.0253,16795,16.809,987374
DDGI,0.5,38,21.1104,16563,16.743,986254
DDGI,0.5,39,21.2046,16835,16.638,1008652
DDGI,0.5,40,21.2696,16677,16.239,927941
DDGI,0.5,41,21.3435,16814,16.115,915642
DDGI,0.5,42,21.4520,17548,15.879,927511
DDGI,0.5,43,21.5429,17097,16.317,950668
DDGI,0.5,44,21.6560,16641,16.464,969349
DDGI,0.5,45,21.7317,16790,16.674,1021012
DDGI,0.5,46,21.8284,16737,16.279,995280
DDGI,0.5,47,21.8965,16580,15.986,922734
DDGI,0.5,48,21.9253,16717,16.122,922919
DDGI,0.5,49,22.0455,17599,15.801,929236
DDGI,0.5,50,22.1668,17098,16.917,935555
DDGI,0.5,51,22.2787,16598,16.277,966301
DDGI,0.5,52,22.3284,16978,16.612,1046101
DDGI,0.5,53,22.3911,16703,16.205,983411
DDGI,0.5,54,22.4660,16481,16.143,918937
DDGI,0.5,55,22.5050,16895,16.364,953171
DDGI,0.5,56,22.6100,17422,15.673,903672
DDGI,0.5,57,22.6661,17146,15.979,925451
DDGI,0.5,58,22.7773,16701,16.391,985822
DDGI,0.5,59,22.8137,16885,16.465,1033125
DDGI,0.5,60,22.8673,16622,16.259,971590
DDGI,0.5,61,22.9537,16481,16.265,936625
DDGI,0.5,62,23.0029,17040,16.324,958902
DDGI,0.5,63,23.1054,17248,15.503,887984
DDGI,0.5,64,23.1625,17083,15.873,915814
DDGI,0.5,65,23.2068,16973,16.610,1011843
DDGI,0.5,66,23.2423,16840,16.402,1016771
DDGI,0.5,67,23.2929,16574,16.337,971215
DDGI,0.5,68,23.3795,16744,16.481,975045
DDGI,0.5,69,23.4221,16838,16.116,939253
DDGI,0.5,70,23.4749,17171,15.618,885758
DDGI,0.5,71,23.5622,17307,16.261,943605
DDGI,0.5,72,23.6439,16951,17.378,995169
DDGI,0.5,73,23.7245,16790,16.480,1002076
DDGI,0.5,74,23.7711,16589,16.750,992700
DDGI,0.5,75,19.3716,16839,16.741,980026
DDGI,0.5,76,19.4023,16765,16.023,927267
DDGI,0.5,77,19.5167,17083,15.393,895716
DDGI,0.5,78,20.0108,17533,16.101,992876
DDGI,0.5,79,20.3410,16955,16.345,1018914
DDGI,0.5,80,20.4986,16833,16.417,1023475
DDGI,0.5,81,20.6471,16882,16.526,1044512
DDGI,0.5,82,20.8706,16703,17.216,962226
DDGI,0.5,83,21.0016,16655,16.271,916347
DDGI,0.5,84,21.1510,17215,17.586,930903
DDGI,0.5,85,21.5866,17474,15.960,963475
DDGI,0.5,86,21.8226,16911,16.341,1006197
DDGI,0.5,87,21.9459,16707,16.372,1019417
DDGI,0.5,88,22.1013,17050,16.670,1062609
DDGI,0.5,89,22.2893,16625,15.980,954375
DDGI,0.5,90,22.3760,16534,15.987,912664
DDGI,0.5,91,22.5066,17366,15.900,955640
DDGI,0.5,92,22.7127,17395,15.819,935710
DDGI,0.5,93,22.8322,16961,16.155,1005538
DDGI,0.5,94,22.9538,16884,16.496,1050589
DDGI,0.5,95,23.0769,16936,16.342,1032902
DDGI,0.5,96,23.2294,16555,15.942,950063
DDGI,0.5,97,23.3216,16638,16.001,943330
DDGI,0.5,98,23.4529,17259,16.298,943475
DDGI,0.5,99,23.6653,17322,15.676,921482
DDGI,0.5,100,23.7598,16926,16.134,1006103
DDGI,0.5,101,23.8676,17060,16.437,1069878
DDGI,0.5,102,24.0150,16883,16.279,1021539
DDGI,0.5,103,24.1728,16472,16.037,951934
DDGI,0.5,104,24.2775,16846,16.375,967534
DDGI,0.5,105,24.3754,17016,15.769,921809
DDGI,0.5,106,24.5225,17357,15.502,911905
DDGI,0.5,107,24.6277,17074,16.566,1023314
DDGI,0.5,108,24.7478,17049,16.537,1061662
DDGI,0.5,109,24.8354,16712,16.106,1003061
DDGI,0.5,110,24.9734,16627,16.289,993021
DDGI,0.5,111,25.0881,16898,16.070,955530
DDGI,0.5,112,25.1503,16909,15.706,917383
DDGI,0.5,113,25.2188,17355,15.379,912117
DDGI,0.5,114,25.2344,17330,16.428,1039442
DDGI,0.5,115,25.2876,16933,16.281,1036006
DDGI,0.5,116,25.3917,16599,16.351,998197
DDGI,0.5,117,25.4629,16874,16.387,1021085
DDGI,0.5,118,25.5445,16697,15.892,934411
DDGI,0.5,119,25.6151,16801,15.716,917244
DDGI,0.5,120,25.7783,17507,15.601,937715
DDGI,0.5,121,25.8439,17185,17.847,1006176
DDGI,0.5,122,25.7902,16899,16.649,1025171
DDGI,0.5,123,25.8466,16724,16.362,1027654
DDGI,0.5,124,25.9483,16916,16.218,1016052
DDGI,0.5,125,26.0469,16596,15.868,926476
DDGI,0.5,126,26.1211,16742,15.851,920402
DDGI,0.5,127,26.1903,17531,15.563,942538
DDGI,0.5,128,26.2158,17156,16.194,976537
DDGI,0.5,129,26.3305,16837,16.212,1016223
DDGI,0.5,130,26.3769,16987,16.902,1065547
DDGI,0.5,131,26.4292,16795,16.282,996757
DDGI,0.5,132,26.5255,16514,15.954,922004
DDGI,0.5,133,26.6010,16863,16.080,949267
DDGI,0.5,134,26.6453,17410,15.528,925717
DDGI,0.5,135,26.6820,17182,15.956,962943
DDGI,0.5,136,26.7595,16767,16.119,1020403
DDGI,0.5,137,26.8084,17106,16.460,1070681
DDGI,0.5,138,26.8881,16659,16.004,985712
DDGI,0.5,139,26.9714,16541,15.873,936400
DDGI,0.5,140,27.0151,17030,16.212,965579
DDGI,0.5,141,27.1658,17283,16.094,914589
DDGI,0.5,142,27.2067,17194,15.762,958763
DDGI,0.5,143,27.3077,17020,16.456,1052821
DDGI,0.5,144,27.3294,16982,18.415,1044559
DDGI,0.5,145,27.4008,16593,16.055,985056
DDGI,0.5,146,27.4986,16665,16.244,965035
DDGI,0.5,147,27.5472,16876,15.933,943358
DDGI,0.5,148,27.6657,17225,15.306,903561
DDGI,0.5,149,27.7008,17177,15.831,963553
FCGI,0.5,0,12.5833,16790,9.676,1152682
FCGI,0.5,1,13.5362,17012,9.421,1215463
FCGI,0.5,2,14.4323,17225,8.907,1147947
FCGI,0.5,3,14.9227,16339,8.168,1044884
FCGI,0.5,4,16.2798,16301,8.670,1137092
FCGI,0.5,5,17.8572,16682,9.080,1184995
FCGI,0.5,6,18.9893,17037,8.910,1168777
FCGI,0.5,7,19.4744,17206,8.698,1142078
FCGI,0.5,8,19.8107,16391,8.433,1091736
FCGI,0.5,9,20.2776,16226,8.553,1129887
FCGI,0.5,10,20.8578,16577,8.601,1147005
FCGI,0.5,11,21.2572,17161,9.017,1203739
FCGI,0.5,12,21.5004,17218,8.886,1182088
FCGI,0.5,13,21.6964,16472,8.069,1054951
FCGI,0.5,14,22.0605,16065,8.191,1095810
FCGI,0.5,15,22.3953,16653,8.702,1205761
FCGI,0.5,16,22.6084,17083,8.862,1186723
FCGI,0.5,17,22.7817,17124,8.544,1139930
FCGI,0.5,18,22.9201,16483,8.073,1047096
FCGI,0.5,19,23.0933,16105,8.429,1147989
FCGI,0.5,20,23.3646,16820,8.601,1158589
FCGI,0.5,21,23.5396,16985,8.539,1158887
FCGI,0.5,22,23.6523,17290,8.826,1188100
FCGI,0.5,23,23.7676,16418,8.238,1066950
FCGI,0.5,24,23.9094,16108,8.269,1106058
FCGI,0.5,25,24.1074,16842,8.657,1178113
FCGI,0.5,26,24.2382,16921,8.838,1205285
FCGI,0.5,27,24.3238,17242,8.583,1134564
FCGI,0.5,28,24.3958,16230,7.873,1025859
FCGI,0.5,29,24.5710,16103,8.495,1155231
FCGI,0.5,30,24.7388,16866,8.810,1189594
FCGI,0.5,31,24.8346,16973,8.617,1161528
FCGI,0.5,32,24.9187,17264,8.582,1145102
FCGI,0.5,33,25.0011,16153,8.240,1083087
FCGI,0.5,34,25.0744,16219,8.259,1115300
FCGI,0.5,35,25.1833,16731,8.469,1151606
FCGI,0.5,36,25.2668,17019,8.869,1215862
FCGI,0.5,37,25.3491,17247,8.688,1159451
FCGI,0.5,38,25.4278,16376,7.981,1042240
FCGI,0.5,39,25.5403,16146,8.378,1124207
FCGI,0.5,40,25.6309,16746,8.819,1210295
FCGI,0.5,41,25.7055,17182,8.682,1173965
FCGI,0.5,42,25.7762,17216,8.432,1122959
FCGI,0.5,43,25.8227,16317,8.220,1085937
FCGI,0.5,44,25.9400,16189,8.510,1140109
FCGI,0.5,45,26.0468,16885,8.609,1167368
FCGI,0.5,46,26.1087,17080,8.686,1177886
FCGI,0.5,47,26.1533,17124,8.899,1169328
FCGI,0.5,48,26.2048,16351,7.996,1041198
FCGI,0.5,49,26.3135,16146,8.357,1110681
FCGI,0.5,50,26.3935,16859,8.804,1203795
FCGI,0.5,51,26.4583,17007,8.822,1193546
FCGI,0.5,52,26.5138,17224,8.841,1120024
FCGI,0.5,53,26.5734,16246,8.029,1052549
FCGI,0.5,54,26.6801,16175,8.563,1170331
FCGI,0.5,55,26.7508,16965,8.572,1160846
FCGI,0.5,56,26.8069,16978,8.619,1172716
FCGI,0.5,57,26.8490,17229,8.670,1162893
FCGI,0.5,58,26.8980,16151,8.091,1063020
FCGI,0.5,59,27.0038,16289,8.435,1119911
FCGI,0.5,60,27.0840,16851,8.724,1178001
FCGI,0.5,61,27.1426,16991,8.861,1204248
FCGI,0.5,62,27.1898,17218,8.458,1127132
FCGI,0.5,63,27.2468,15997,7.945,1039767
FCGI,0.5,64,27.3377,16427,8.469,1158063
FCGI,0.5,65,27.4216,16858,8.861,1211438
FCGI,0.5,66,27.4743,17113,8.633,1169074
FCGI,0.5,67,27.4966,17251,8.509,1123699
FCGI,0.5,68,27.5093,16141,8.296,1098717
FCGI,0.5,69,27.5929,16367,8.531,1135799
FCGI,0.5,70,27.6633,16721,8.537,1161472
FCGI,0.5,71,27.7023,17214,8.966,1192182
FCGI,0.5,72,27.7465,17071,8.737,1148969
FCGI,0.5,73,27.7383,16103,8.014,1053696
FCGI,0.5,74,27.8019,16297,8.387,1120729
FCGI,0.5,75,21.3450,16042,9.825,1157374
FCGI,0.5,76,21.6048,16763,9.088,1168857
FCGI,0.5,77,21.8078,16959,8.830,1183252
FCGI,0.5,78,22.0443,17195,8.642,1179796
FCGI,0.5,79,22.2440,16771,8.468,1125088
FCGI,0.5,80,22.3049,16091,8.086,1091265
FCGI,0.5,81,22.4993,16478,8.498,1148888
FCGI,0.5,82,22.6465,17052,8.924,1225174
FCGI,0.5,83,22.8010,17144,8.882,1189239
FCGI,0.5,84,22.9372,16906,8.355,1098686
FCGI,0.5,85,22.9942,16112,8.341,1108402
FCGI,0.5,86,23.1373,16419,8.755,1177114
FCGI,0.5,87,23.2369,17054,8.809,1179207
FCGI,0.5,88,23.3246,17148,8.632,1173283
FCGI,0.5,89,23.4174,17031,8.562,1160447
FCGI,0.5,90,23.4754,16142,8.240,1104103
FCGI,0.5,91,23.6097,16360,8.406,1149677
FCGI,0.5,92,23.6985,17173,8.907,1199309
FCGI,0.5,93,23.7989,17093,9.173,1230487
FCGI,0.5,94,23.8653,17236,8.608,1128277
FCGI,0.5,95,23.9233,15948,8.228,1072693
FCGI,0.5,96,24.0637,16488,9.003,1202748
FCGI,0.5,97,24.1423,17118,9.495,1194679
FCGI,0.5,98,24.2181,17083,9.377,1178722
FCGI,0.5,99,24.2805,17097,8.919,1144638
FCGI,0.5,100,24.3252,16192,8.589,1116657
FCGI,0.5,101,24.4420,16381,8.558,1142333
FCGI,0.5,102,24.5266,16851,8.807,1165467
FCGI,0.5,103,24.6100,17149,9.006,1223612
FCGI,0.5,104,24.6701,17189,8.766,1165536
FCGI,0.5,105,24.7251,16154,8.040,1057300
FCGI,0.5,106,24.8217,16361,8.485,1150643
FCGI,0.5,107,24.9129,16956,8.987,1223868
FCGI,0.5,108,24.9811,17203,8.718,1172687
FCGI,0.5,109,25.0411,17023,8.499,1131004
FCGI,0.5,110,25.0992,16247,8.358,1098001
FCGI,0.5,111,25.2008,16263,8.644,1169483
FCGI,0.5,112,25.2935,17033,8.680,1162780
FCGI,0.5,113,25.3671,17163,8.790,1191506
FCGI,0.5,114,25.4277,17193,8.925,1209647
FCGI,0.5,115,25.4816,16426,8.150,1070599
FCGI,0.5,116,25.5912,16083,8.320,1126856
FCGI,0.5,117,25.6999,17036,8.873,1209117
FCGI,0.5,118,25.7634,17047,9.097,1200244
FCGI,0.5,119,25.8370,17227,8.793,1144427
FCGI,0.5,120,25.8919,16451,8.291,1072057
FCGI,0.5,121,25.9671,16144,8.745,1166465
FCGI,0.5,122,26.0805,16963,8.919,1167083
FCGI,0.5,123,26.1550,17015,9.072,1178113
FCGI,0.5,124,26.2164,17370,9.321,1206865
FCGI,0.5,125,26.2811,16404,8.470,1098253
FCGI,0.5,126,26.3893,16198,8.397,1121722
FCGI,0.5,127,26.4840,16935,8.835,1179752
FCGI,0.5,128,26.5405,17034,9.106,1220805
FCGI,0.5,129,26.6068,17333,8.992,1180966
FCGI,0.5,130,26.6558,16381,8.217,1052364
FCGI,0.5,131,26.7604,16232,9.019,1166932
FCGI,0.5,132,26.8626,16677,9.055,1172046
FCGI,0.5,133,26.9315,17228,8.977,1192254
FCGI,0.5,134,26.9838,17240,8.969,1184391
FCGI,0.5,135,27.0465,16618,8.441,1123717
FCGI,0.5,136,27.1231,16149,8.604,1127787
FCGI,0.5,137,27.2347,16620,8.542,1145154
FCGI,0.5,138,27.3136,17213,8.932,1211067
FCGI,0.5,139,27.3626,17060,9.265,1205298
FCGI,0.5,140,27.4152,16730,8.228,1075182
FCGI,0.5,141,27.4831,16092,8.307,1102587
FCGI,0.5,142,27.5966,16732,8.854,1207845
FCGI,0.5,143,27.6651,17232,8.994,1207901
FCGI,0.5,144,27.7279,17055,8.708,1171344
FCGI,0.5,145,27.7861,16890,8.449,1114832
FCGI,0.5,146,27.8525,16057,8.451,1136287
FCGI,0.5,147,27.9590,16603,8.579,1149198
FCGI,0.5,148,28.0139,17047,8.758,1179089
FCGI,0.5,149,28.0628,17116,9.146,1230246
PT,1.0,0,17.6133,65670,31.556,4568155
PT,1.0,1,19.2671,66006,31.408,4600786
PT,1.0,2,20.5274,65678,31.187,4552120
PT,1.0,3,21.6589,66112,31.380,4584985
PT,1.0,4,22.7481,66132,31.821,4613074
PT,1.0,5,23.4633,66358,31.941,4608714
PT,1.0,6,24.2125,65581,31.045,4548803
PT,1.0,7,24.6377,65300,30.931,4531223
PT,1.0,8,25.1832,65775,31.338,4575593
PT,1.0,9,25.6612,65989,31.284,4573792
PT,1.0,10,25.8730,66010,31.711,4617919
PT,1.0,11,26.1149,66094,31.514,4586361
PT,1.0,12,26.2854,65280,31.166,4534653
PT,1.0,13,26.4750,65722,31.299,4560433
PT,1.0,14,26.6701,66277,31.900,4614697
PT,1.0,15,26.7893,65925,31.855,4589036
PT,1.0,16,26.8068,66130,31.896,4596277
PT,1.0,17,26.7570,65588,31.434,4547231
PT,1.0,18,26.9178,65469,31.550,4556850
PT,1.0,19,26.8647,65782,31.388,4575078
PT,1.0,20,26.8025,65878,31.418,4574815
PT,1.0,21,26.5917,65672,31.452,4550727
PT,1.0,22,26.4202,65943,31.575,4578850
PT,1.0,23,26.2506,65876,31.130,4556762
PT,1.0,24,26.3661,66335,31.947,4597453
PT,1.0,25,26.6201,66395,32.105,4601335
PT,1.0,26,26.7420,66336,34.038,4647224
PT,1.0,27,26.7211,66152,31.672,4601534
PT,1.0,28,26.7995,65816,32.084,4566302
PT,1.0,29,26.8539,66051,31.822,4600850
PT,1.0,30,27.0332,65819,31.430,4575491
PT,1.0,31,26.8390,66203,31.213,4605251
PT,1.0,32,26.9551,65260,31.151,4539296
PT,1.0,33,27.1225,65825,31.982,4572807
PT,1.0,34,27.1101,66492,31.656,4626139
PT,1.0,35,27.0708,65760,31.531,4550508
PT,1.0,36,25.1453,65671,32.411,4568181
PT,1.0,37,25.1729,65491,31.233,4550390
PT,1.0,38,25.2183,65890,31.537,4568343
PT,1.0,39,25.3431,66228,32.394,4605717
PT,1.0,40,25.4966,65946,32.802,4588702
PT,1.0,41,25.4276,65022,31.659,4503217
PT,1.0,42,24.9687,66094,32.064,4598477
PT,1.0,43,25.2339,65636,32.349,4549446
PT,1.0,44,25.3028,65695,33.886,4573426
PT,1.0,45,25.4700,65073,32.218,4508615
PT,1.0,46,25.6091,65409,31.589,4530503
PT,1.0,47,25.7777,65795,32.430,4562780
PT,1.0,48,25.6989,66027,32.860,4596381
PT,1.0,49,25.8443,65408,31.883,4542146
PT,1.0,50,25.9995,65871,32.105,4582238
PT,1.0,51,26.2110,65770,32.430,4572548
PT,1.0,52,26.2895,65946,32.429,4588217
PT,1.0,53,26.4515,65256,31.489,4535049
PT,1.0,54,26.4792,66272,32.216,4589068
PT,1.0,55,26.6860,65974,31.817,4576062
PT,1.0,56,26.8915,66592,31.891,4639737
PT,1.0,57,26.6671,65465,32.840,4549999
PT,1.0,58,26.5992,66046,31.355,4585488
PT,1.0,59,26.7241,65677,31.211,4584135
PT,1.0,60,26.9339,66567,31.460,4647485
PT,1.0,61,26.6840,66350,31.446,4605730
PT,1.0,62,26.6820,66194,31.939,4612803
PT,1.0,63,26.9265,65315,32.696,4535541
PT,1.0,64,26.8376,65913,31.960,4569563
PT,1.0,65,26.7901,65909,32.278,4577900
PT,1.0,66,26.8540,65891,31.662,4560760
PT,1.0,67,26.9967,65515,32.156,4547574
PT,1.0,68,27.0743,65947,32.841,4552119
PT,1.0,69,27.1081,65712,32.597,4565450
PT,1.0,70,27.0476,64956,31.335,4502202
PT,1.0,71,27.1011,65223,32.173,4546059
PT,1.0,72,26.9885,65739,31.561,4557990
PT,1.0,73,26.4689,65632,32.756,4548109
PT,1.0,74,26.5846,66049,31.833,4580659
PT,1.0,75,22.5016,66113,33.633,4635472
PT,1.0,76,23.3923,65647,33.152,4589511
PT,1.0,77,24.2857,65999,31.998,4633190
PT,1.0,78,24.8812,65638,32.467,4585666
PT,1.0,79,25.4072,65880,32.409,4632244
PT,1.0,80,25.6099,66006,31.520,4641815
PT,1.0,81,26.0118,65375,33.323,4589626
PT,1.0,82,26.2088,65647,32.243,4608315
PT,1.0,83,26.5169,65690,31.101,4607455
PT,1.0,84,26.7715,65623,30.962,4599055
PT,1.0,85,27.0783,65932,31.419,4635616
PT,1.0,86,27.2228,65381,30.982,4589708
PT,1.0,87,27.4286,65738,31.066,4617989
PT,1.0,88,27.4855,65905,31.466,4606471
PT,1.0,89,27.4234,65917,32.206,4632375
PT,1.0,90,27.4471,65235,30.960,4589567
PT,1.0,91,27.5970,65905,31.812,4617858
PT,1.0,92,27.0330,65482,32.937,4587789
PT,1.0,93,27.1639,66260,32.145,4652452
PT,1.0,94,27.2691,66268,31.595,4650918
PT,1.0,95,27.4318,66171,32.190,4637774
PT,1.0,96,27.6342,65775,31.770,4622249
PT,1.0,97,27.6062,65499,31.205,4590395
PT,1.0,98,27.6836,66498,31.962,4676061
PT,1.0,99,27.7728,65334,31.650,4587983
PT,1.0,100,27.8523,66075,31.585,4618920
PT,1.0,101,27.9569,65749,31.455,4619809
PT,1.0,102,28.0175,65369,31.164,4586047
PT,1.0,103,28.0478,65906,31.847,4613233
PT,1.0,104,27.8071,66434,31.633,4677887
PT,1.0,105,27.6939,66121,31.441,4638440
PT,1.0,106,27.4072,65656,31.082,4609776
PT,1.0,107,27.6648,65765,31.306,4609740
PT,1.0,108,27.3969,66498,33.211,4662616
PT,1.0,109,27.4299,65948,32.824,4641277
PT,1.0,110,27.5675,65606,32.127,4585058
PT,1.0,111,27.5943,66245,31.873,4633253
PT,1.0,112,27.2086,66187,33.715,4651760
PT,1.0,113,26.8870,65620,31.641,4615406
PT,1.0,114,27.0616,65988,31.637,4642454
PT,1.0,115,27.1709,66617,31.887,4686775
PT,1.0,116,27.2801,66113,32.045,4633579
PT,1.0,117,27.0203,65592,31.575,4602571
PT,1.0,118,27.1694,65834,31.621,4627777
PT,1.0,119,27.4133,65503,31.561,4599322
PT,1.0,120,27.4003,66266,31.769,4663448
PT,1.0,121,27.5373,66172,31.584,4641817
PT,1.0,122,27.4633,66277,32.317,4642985
PT,1.0,123,27.5215,65940,31.728,4618126
PT,1.0,124,27.4909,66059,31.535,4625674
PT,1.0,125,27.4791,65915,31.686,4619180
PT,1.0,126,27.5510,65733,32.781,4622167
PT,1.0,127,25.3520,65709,31.239,4577697
PT,1.0,128,24.9135,65729,31.653,4609315
PT,1.0,129,24.9989,65633,31.490,4569685
PT,1.0,130,24.9141,66350,31.767,4650079
PT,1.0,131,25.1411,66624,31.953,4695338
PT,1.0,132,25.3394,65582,31.249,4591986
PT,1.0,133,25.5006,66632,32.184,4684660
PT,1.0,134,25.6796,65422,31.253,4586722
PT,1.0,135,25.9362,65824,31.302,4626745
PT,1.0,136,26.2007,64919,30.985,4550419
PT,1.0,137,26.3692,66262,31.570,4643876
PT,1.0,138,26.4327,66329,32.062,4673721
PT,1.0,139,26.3763,66485,31.845,4677866
PT,1.0,140,26.5798,65720,31.700,4631334
PT,1.0,141,26.5290,65673,32.438,4606122
PT,1.0,142,26.4444,66082,31.459,4638225
PT,1.0,143,26.7611,65956,33.467,4619068
PT,1.0,144,26.7904,66103,31.571,4637462
PT,1.0,145,27.0123,66641,31.592,4673443
PT,1.0,146,27.2312,65514,31.127,4592471
PT,1.0,147,27.2150,66298,31.415,4632614
PT,1.0,148,27.3649,65890,31.219,4606663
PT,1.0,149,27.4150,65219,31.220,4586079
DDGI,1.0,0,13.0432,34339,26.256,1914328
DDGI,1.0,1,14.0422,33525,26.420,2017188
DDGI,1.0,2,14.7507,33167,26.029,1863188
DDGI,1.0,3,15.4524,34669,25.837,1858838
DDGI,1.0,4,16.0253,33463,26.663,1952044
DDGI,1.0,5,16.6764,33510,26.543,1973599
DDGI,1.0,6,17.0105,33825,26.049,1870234
DDGI,1.0,7,17.4329,34227,25.933,1858647
DDGI,1.0,8,18.0188,33687,26.865,2040793
DDGI,1.0,9,18.3467,33275,26.573,1894801
DDGI,1.0,10,18.6076,34459,25.499,1821073
DDGI,1.0,11,19.1110,33820,27.038,1985890
DDGI,1.0,12,19.4713,33146,26.954,1948593
DDGI,1.0,13,19.6896,33849,26.887,1878466
DDGI,1.0,14,19.9809,34373,26.143,1862993
DDGI,1.0,15,20.3310,33532,26.877,1993687
DDGI,1.0,16,20.6060,33465,26.816,1930966
DDGI,1.0,17,20.8107,34327,25.706,1823242
DDGI,1.0,18,21.0253,33897,26.693,1959887
DDGI,1.0,19,21.2046,33398,27.002,1994906
DDGI,1.0,20,21.3435,33491,26.993,1843583
DDGI,1.0,21,21.5429,34645,26.236,1878179
DDGI,1.0,22,21.7317,33431,26.973,1990361
DDGI,1.0,23,21.8965,33317,28.397,1918014
DDGI,1.0,24,22.0455,34316,26.141,1852155
DDGI,1.0,25,22.2787,33696,26.236,1901856
DDGI,1.0,26,22.3911,33681,26.992,2029512
DDGI,1.0,27,22.5050,33376,26.275,1872108
DDGI,1.0,28,22.6661,34568,25.625,1829123
DDGI,1.0,29,22.8137,33586,27.698,2018947
DDGI,1.0,30,22.9537,33103,26.275,1908215
DDGI,1.0,31,23.1054,34288,26.070,1846886
DDGI,1.0,32,23.2068,34056,26.580,1927657
DDGI,1.0,33,23.2929,33414,26.584,1987986
DDGI,1.0,34,23.4221,33582,26.966,1914298
DDGI,1.0,35,23.5622,34478,25.627,1829363
DDGI,1.0,36,23.7245,33741,27.030,1997245
DDGI,1.0,37,23.8395,33399,26.655,1965584
DDGI,1.0,38,23.9312,33829,25.705,1813093
DDGI,1.0,39,24.0751,34323,26.901,1927226
DDGI,1.0,40,24.1882,33507,27.127,2018793
DDGI,1.0,41,24.2951,33277,26.283,1863293
DDGI,1.0,42,24.4971,34624,25.843,1855315
DDGI,1.0,43,24.6761,33372,26.807,1941202
DDGI,1.0,44,24.8038,33540,26.527,1991092
DDGI,1.0,45,24.9203,33913,26.033,1864662
DDGI,1.0,46,25.0045,34189,26.031,1862710
DDGI,1.0,47,25.1017,33683,27.313,2035287
DDGI,1.0,48,25.2040,33157,26.660,1882173
DDGI,1.0,49,25.3377,34574,25.982,1831933
DDGI,1.0,50,25.4222,33715,27.017,1987534
DDGI,1.0,51,25.5627,33238,26.393,1946262
DDGI,1.0,52,25.6147,33839,26.156,1884016
DDGI,1.0,53,25.7287,34313,26.017,1859032
DDGI,1.0,54,25.8496,33589,26.924,2006722
DDGI,1.0,55,25.9353,33420,26.643,1927797
DDGI,1.0,56,26.0803,34269,25.389,1802580
DDGI,1.0,57,26.2142,34010,27.408,1989680
DDGI,1.0,58,26.3043,33387,27.279,1992838
DDGI,1.0,59,26.4254,33485,26.259,1846243
DDGI,1.0,60,26.5578,34576,28.552,1874345
DDGI,1.0,61,26.6402,33361,28.225,1983353
DDGI,1.0,62,26.7449,33497,26.698,1925974
DDGI,1.0,63,26.8625,34318,25.768,1848385
DDGI,1.0,64,26.9389,33779,26.414,1910915
DDGI,1.0,65,27.0090,33689,27.090,2029621
DDGI,1.0,66,27.0824,33360,26.168,1861274
DDGI,1.0,67,27.1834,34513,25.529,1837570
DDGI,1.0,68,27.2250,33640,26.874,2016543
DDGI,1.0,69,27.3095,33104,26.304,1902061
DDGI,1.0,70,27.3837,34306,25.727,1859464
DDGI,1.0,71,27.4596,33983,26.463,1922357
DDGI,1.0,72,27.5714,33435,26.813,1991049
DDGI,1.0,73,27.6598,33542,27.181,1898950
DDGI,1.0,74,26.6853,34413,25.440,1823724
DDGI,1.0,75,21.7801,34060,27.403,2096124
DDGI,1.0,76,22.0138,33433,26.959,1977243
DDGI,1.0,77,22.2214,33951,26.050,1834687
DDGI,1.0,78,22.9511,34439,26.768,2014312
DDGI,1.0,79,23.2291,33621,26.972,2046481
DDGI,1.0,80,23.4475,33389,26.759,1892403
DDGI,1.0,81,23.8400,34695,26.199,1900661
DDGI,1.0,82,24.1924,33671,26.755,2025409
DDGI,1.0,83,24.4740,33647,27.176,2010795
DDGI,1.0,84,24.6839,33796,26.530,1857426
DDGI,1.0,85,24.9542,34413,26.525,1952781
DDGI,1.0,86,25.1179,33837,27.943,2091556
DDGI,1.0,87,25.2958,33181,26.547,1881280
DDGI,1.0,88,25.8172,34712,25.802,1882096
DDGI,1.0,89,25.9937,33964,29.540,2068558
DDGI,1.0,90,26.2098,33398,27.662,1978958
DDGI,1.0,91,26.5190,33903,26.400,1894475
DDGI,1.0,92,26.7210,34341,26.605,1920882
DDGI,1.0,93,26.8204,33910,26.852,2082229
DDGI,1.0,94,26.9480,33430,27.064,1933313
DDGI,1.0,95,27.1284,34300,25.507,1827245
DDGI,1.0,96,27.2006,34193,27.080,2078692
DDGI,1.0,97,27.3989,33482,26.775,2015072
DDGI,1.0,98,27.5373,33638,26.324,1861214
DDGI,1.0,99,27.6588,34693,26.112,1942678
DDGI,1.0,100,27.7015,33489,26.508,2032493
DDGI,1.0,101,27.8327,33634,26.768,1961738
DDGI,1.0,102,28.0717,34320,25.968,1865678
DDGI,1.0,103,28.1673,33908,27.233,2005578
DDGI,1.0,104,28.2418,33608,26.770,2046324
DDGI,1.0,105,28.3805,33328,26.717,1859310
DDGI,1.0,106,28.6851,34716,27.160,1906519
DDGI,1.0,107,28.7731,33830,27.608,2090335
DDGI,1.0,108,28.8530,33272,27.024,1919176
DDGI,1.0,109,28.9025,34232,27.167,1870540
DDGI,1.0,110,28.9221,34132,27.684,2002786
DDGI,1.0,111,28.9605,33625,26.886,2035212
DDGI,1.0,112,29.0605,33572,27.083,1907672
DDGI,1.0,113,29.1814,34446,25.924,1864485
DDGI,1.0,114,29.2639,34016,27.782,2100049
DDGI,1.0,115,29.3654,33259,31.139,1956717
DDGI,1.0,116,29.4390,33985,26.296,1828476
DDGI,1.0,117,29.3855,34412,28.284,2022990
DDGI,1.0,118,29.4144,33450,26.757,2032554
DDGI,1.0,119,29.3903,33527,26.247,1900296
DDGI,1.0,120,29.5481,34694,25.780,1895407
DDGI,1.0,121,29.6128,33731,26.545,2037914
DDGI,1.0,122,29.6986,33636,26.491,2012269
DDGI,1.0,123,29.7260,33835,26.372,1849335
DDGI,1.0,124,29.7290,34428,26.651,1972123
DDGI,1.0,125,29.7538,33860,27.277,2086853
DDGI,1.0,126,29.8078,33186,28.599,1870321
DDGI,1.0,127,29.8701,34743,25.814,1898441
DDGI,1.0,128,29.8946,33852,28.579,2058474
DDGI,1.0,129,29.7952,33524,27.574,1981468
DDGI,1.0,130,29.8555,33864,27.050,1889406
DDGI,1.0,131,29.8594,34259,26.322,1916987
DDGI,1.0,132,29.8657,33911,26.864,2091581
DDGI,1.0,133,29.9097,33393,26.245,1926705
DDGI,1.0,134,29.8543,34358,25.293,1830626
DDGI,1.0,135,29.7681,34150,26.826,2079389
DDGI,1.0,136,29.8196,33321,26.697,1992626
DDGI,1.0,137,29.8482,33700,26.219,1869783
DDGI,1.0,138,29.8340,34666,26.030,1946022
DDGI,1.0,139,29.3887,33541,26.715,2038591
DDGI,1.0,140,29.3203,33603,26.547,1958076
DDGI,1.0,141,29.3237,34320,25.626,1858868
DDGI,1.0,142,29.2404,34055,26.418,2022140
DDGI,1.0,143,29.3770,33616,26.880,2043051
DDGI,1.0,144,29.3918,33301,26.009,1850972
DDGI,1.0,145,29.4977,34839,25.827,1928999
DDGI,1.0,146,29.4577,33828,26.671,2082205
DDGI,1.0,147,29.4632,33285,25.877,1918282
DDGI,1.0,148,29.5128,34362,26.556,1888408
DDGI,1.0,149,29.6570,33987,26.500,1993285
FCGI,1.0,0,13.1942,33638,17.303,2366333
FCGI,1.0,1,14.2744,33545,15.937,2200937
FCGI,1.0,2,16.8902,32842,16.014,2301956
FCGI,1.0,3,18.8217,34289,16.253,2317860
FCGI,1.0,4,19.8809,32576,15.670,2205387
FCGI,1.0,5,20.8498,33700,16.091,2327696
FCGI,1.0,6,21.3140,33717,16.005,2228685
FCGI,1.0,7,21.9963,32742,16.025,2295888
FCGI,1.0,8,22.3956,34331,16.293,2337025
FCGI,1.0,9,22.7978,32599,17.255,2210410
FCGI,1.0,10,23.2224,33875,16.146,2315189
FCGI,1.0,11,23.4476,33651,15.731,2244171
FCGI,1.0,12,23.7890,33002,15.643,2286137
FCGI,1.0,13,23.9875,34186,16.307,2336520
FCGI,1.0,14,24.1959,32457,15.358,2185706
FCGI,1.0,15,24.4709,33910,16.334,2371149
FCGI,1.0,16,24.6193,33483,15.730,2223723
FCGI,1.0,17,24.8524,33014,15.727,2275689
FCGI,1.0,18,24.9859,34354,16.510,2361777
FCGI,1.0,19,25.1571,32539,15.337,2164176
FCGI,1.0,20,25.3394,33977,16.564,2391114
FCGI,1.0,21,25.4479,33487,15.636,2207075
FCGI,1.0,22,25.6136,33013,15.898,2305053
FCGI,1.0,23,25.7283,34247,16.485,2350652
FCGI,1.0,24,25.8612,32461,15.250,2146591
FCGI,1.0,25,25.9950,33898,16.538,2398488
FCGI,1.0,26,26.0837,33486,15.332,2180208
FCGI,1.0,27,26.2433,33222,16.058,2345784
FCGI,1.0,28,26.3571,34209,16.151,2322843
FCGI,1.0,29,26.4779,32424,15.222,2187561
FCGI,1.0,30,26.6175,33891,16.343,2385072
FCGI,1.0,31,26.7210,33258,15.285,2158467
FCGI,1.0,32,26.8771,33122,16.126,2357837
FCGI,1.0,33,26.9827,34278,15.895,2278038
FCGI,1.0,34,27.0764,32323,15.457,2225374
FCGI,1.0,35,27.2055,33899,16.217,2354423
FCGI,1.0,36,27.3026,33202,15.457,2190677
FCGI,1.0,37,27.4631,33161,16.460,2348336
FCGI,1.0,38,27.5544,34148,16.231,2266306
FCGI,1.0,39,27.6592,32403,15.600,2218921
FCGI,1.0,40,27.7765,34031,16.267,2331110
FCGI,1.0,41,27.8632,33228,15.758,2213203
FCGI,1.0,42,28.0017,33139,15.989,2307234
FCGI,1.0,43,28.0793,34175,16.190,2286616
FCGI,1.0,44,28.1851,32387,15.739,2220090
FCGI,1.0,45,28.2884,34056,16.654,2359447
FCGI,1.0,46,28.3523,33253,15.755,2210380
FCGI,1.0,47,28.4609,33297,16.079,2297842
FCGI,1.0,48,28.5403,34135,16.627,2313075
FCGI,1.0,49,28.6604,32410,15.552,2209996
FCGI,1.0,50,28.7436,34037,16.723,2369726
FCGI,1.0,51,28.8145,32936,15.785,2173788
FCGI,1.0,52,28.9389,33416,16.489,2345287
FCGI,1.0,53,29.0117,34074,16.473,2301914
FCGI,1.0,54,29.0937,32556,15.782,2194392
FCGI,1.0,55,29.1782,34109,16.980,2396011
FCGI,1.0,56,29.2139,33113,15.520,2151884
FCGI,1.0,57,29.3007,33433,17.207,2369132
FCGI,1.0,58,29.3747,33957,17.134,2267911
FCGI,1.0,59,29.4873,32615,16.365,2240812
FCGI,1.0,60,29.5604,34144,17.114,2390882
FCGI,1.0,61,29.6143,32878,15.861,2143275
FCGI,1.0,62,29.7288,33467,17.242,2376087
FCGI,1.0,63,29.7723,34021,17.414,2226631
FCGI,1.0,64,29.8922,32627,16.948,2275888
FCGI,1.0,65,29.9572,33957,17.667,2341665
FCGI,1.0,66,30.0097,32887,16.353,2167857
FCGI,1.0,67,30.1141,33499,17.549,2381927
FCGI,1.0,68,30.1835,33880,16.809,2226529
FCGI,1.0,69,30.2648,32653,18.356,2275350
FCGI,1.0,70,30.3292,34243,16.663,2319409
FCGI,1.0,71,30.4073,32953,15.947,2212936
FCGI,1.0,72,30.4805,33523,16.573,2355566
FCGI,1.0,73,30.5308,33909,16.141,2248175
FCGI,1.0,74,30.5925,32621,15.913,2272855
FCGI,1.0,75,22.3494,33031,17.186,2200046
FCGI,1.0,76,23.4306,33604,17.519,2389460
FCGI,1.0,77,23.8389,34256,16.527,2286588
FCGI,1.0,78,24.0239,32659,16.207,2298244
FCGI,1.0,79,24.2797,34203,17.481,2369706
FCGI,1.0,80,24.4071,33300,16.872,2248806
FCGI,1.0,81,24.6469,33483,17.682,2374195
FCGI,1.0,82,24.8338,34266,17.176,2330572
FCGI,1.0,83,24.9998,32521,16.668,2286195
FCGI,1.0,84,25.1156,34004,16.997,2337898
FCGI,1.0,85,25.2260,33383,17.360,2270908
FCGI,1.0,86,25.4462,33268,16.759,2310653
FCGI,1.0,87,25.5779,34363,17.485,2359475
FCGI,1.0,88,25.7163,32506,16.331,2246610
FCGI,1.0,89,25.8525,34072,18.004,2371539
FCGI,1.0,90,25.9504,33537,17.045,2286125
FCGI,1.0,91,26.1222,33002,16.639,2279643
FCGI,1.0,92,26.2249,34305,17.505,2401319
FCGI,1.0,93,26.3642,32548,16.017,2200832
FCGI,1.0,94,26.5073,34004,16.821,2388809
FCGI,1.0,95,26.6188,33629,16.329,2259620
FCGI,1.0,96,26.7856,32952,16.839,2297731
FCGI,1.0,97,26.8835,34282,17.366,2410944
FCGI,1.0,98,26.9825,32743,15.762,2204259
FCGI,1.0,99,27.1194,33827,16.662,2396053
FCGI,1.0,100,27.2100,33910,15.922,2252402
FCGI,1.0,101,27.3541,32873,16.284,2317142
FCGI,1.0,102,27.4631,34265,16.729,2390286
FCGI,1.0,103,27.5468,32757,16.298,2223240
FCGI,1.0,104,27.6893,33794,16.882,2380377
FCGI,1.0,105,27.7745,33960,16.290,2270875
FCGI,1.0,106,27.9312,32665,16.400,2309330
FCGI,1.0,107,28.0313,34235,17.157,2358462
FCGI,1.0,108,28.1293,33003,16.868,2251508
FCGI,1.0,109,28.2984,33606,17.582,2350229
FCGI,1.0,110,28.3742,34230,17.061,2334161
FCGI,1.0,111,28.5010,32389,16.368,2256069
FCGI,1.0,112,28.6064,34217,17.214,2371439
FCGI,1.0,113,28.6794,33267,16.298,2261513
FCGI,1.0,114,28.8072,33521,16.522,2313220
FCGI,1.0,115,28.8804,34299,20.084,2371876
FCGI,1.0,116,28.9875,32477,16.783,2222776
FCGI,1.0,117,29.0746,34172,17.884,2397614
FCGI,1.0,118,29.1331,33331,17.902,2239891
FCGI,1.0,119,29.2874,33194,17.756,2296276
FCGI,1.0,120,29.3707,34308,18.016,2387287
FCGI,1.0,121,29.4983,32419,16.263,2181966
FCGI,1.0,122,29.5818,34100,17.784,2414977
FCGI,1.0,123,29.6194,33475,17.810,2219103
FCGI,1.0,124,29.7149,33184,17.348,2349497
FCGI,1.0,125,29.7919,34295,17.443,2379443
FCGI,1.0,126,29.8822,32662,16.334,2226769
FCGI,1.0,127,29.9702,33877,17.570,2388394
FCGI,1.0,128,30.0422,33500,16.187,2219602
FCGI,1.0,129,30.1572,33171,17.031,2358922
FCGI,1.0,130,30.2165,34327,16.968,2368445
FCGI,1.0,131,30.2862,32721,16.137,2245155
FCGI,1.0,132,30.3888,33871,17.150,2356837
FCGI,1.0,133,30.4336,33989,16.260,2287619
FCGI,1.0,134,30.5287,32776,16.405,2312167
FCGI,1.0,135,30.5944,34257,16.907,2364704
FCGI,1.0,136,30.6476,32821,16.947,2251038
FCGI,1.0,137,30.7298,33778,17.943,2334914
FCGI,1.0,138,30.7973,34097,17.808,2337226
FCGI,1.0,139,30.8930,32672,17.017,2269285
FCGI,1.0,140,30.9602,34315,17.912,2394753
FCGI,1.0,141,31.0149,32886,16.949,2226962
FCGI,1.0,142,31.0873,33541,18.078,2345383
FCGI,1.0,143,31.1313,34188,17.741,2352745
FCGI,1.0,144,31.1877,32489,16.663,2222281
FCGI,1.0,145,31.2227,34126,17.685,2422768
FCGI,1.0,146,31.2817,33248,16.666,2203562
FCGI,1.0,147,31.3622,33525,18.000,2381487
FCGI,1.0,148,31.4054,34139,17.573,2354731
FCGI,1.0,149,31.4906,32469,16.505,2218551
PT,2.0,0,19.1035,105583,49.305,7341611
PT,2.0,1,20.7780,104875,49.962,7278444
PT,2.0,2,22.1043,106002,49.029,7364417
PT,2.0,3,23.1949,107202,49.671,7452168
PT,2.0,4,23.9073,104973,50.258,7313738
PT,2.0,5,24.6529,105159,48.496,7298873
PT,2.0,6,25.4186,104880,48.192,7279850
PT,2.0,7,25.9615,105377,48.501,7311796
PT,2.0,8,26.3946,106016,48.918,7384831
PT,2.0,9,26.7761,104454,48.137,7243886
PT,2.0,10,27.0683,105673,48.736,7300800
PT,2.0,11,27.2599,105087,48.287,7280930
PT,2.0,12,27.3810,105017,48.359,7313801
PT,2.0,13,27.5013,106206,48.976,7383629
PT,2.0,14,27.6583,105538,48.597,7347440
PT,2.0,15,27.9094,105090,48.296,7296672
PT,2.0,16,27.9724,105458,49.025,7326352
PT,2.0,17,27.9996,105166,48.842,7334825
PT,2.0,18,28.1308,105522,48.655,7348051
PT,2.0,19,28.1085,105538,48.671,7367819
PT,2.0,20,28.2030,104743,48.519,7296866
PT,2.0,21,28.0936,106629,49.214,7413543
PT,2.0,22,28.2920,104764,49.298,7286898
PT,2.0,23,28.0181,105085,48.413,7281192
PT,2.0,24,27.9252,105602,50.546,7313257
PT,2.0,25,27.7878,105706,48.790,7365741
PT,2.0,26,27.7491,105079,48.513,7322723
PT,2.0,27,27.8769,105077,48.247,7301105
PT,2.0,28,28.0541,105666,48.514,7330043
PT,2.0,29,28.1602,106029,49.556,7328606
PT,2.0,30,28.1096,105607,49.437,7347959
PT,2.0,31,28.1561,106099,48.995,7393467
PT,2.0,32,28.2219,105323,48.754,7328731
PT,2.0,33,28.3059,105589,48.708,7373031
PT,2.0,34,28.5819,105411,48.851,7317082
PT,2.0,35,28.2401,105650,48.597,7319873
PT,2.0,36,27.4923,105602,48.890,7358942
PT,2.0,37,27.3700,105972,49.342,7362133
PT,2.0,38,27.4903,105142,48.585,7313350
PT,2.0,39,27.4684,106178,48.964,7382758
PT,2.0,40,27.0138,104226,48.280,7263788
PT,2.0,41,27.2085,106305,48.829,7377298
PT,2.0,42,27.5543,105884,49.076,7352594
PT,2.0,43,27.5827,103988,48.278,7224074
PT,2.0,44,27.6157,105612,50.739,7351814
PT,2.0,45,27.7382,105944,48.806,7357247
PT,2.0,46,27.8468,104968,48.315,7293431
PT,2.0,47,27.7033,105371,48.715,7303768
PT,2.0,48,27.6716,104907,48.301,7257744
PT,2.0,49,27.7704,106136,48.838,7387614
PT,2.0,50,27.7899,105248,49.184,7295373
PT,2.0,51,28.0088,104339,47.951,7244311
PT,2.0,52,28.0512,104970,48.444,7300586
PT,2.0,53,27.8605,105261,49.191,7322258
PT,2.0,54,27.7338,104656,63.341,7242078
PT,2.0,55,27.5529,105926,49.335,7362248
PT,2.0,56,27.6267,105764,48.918,7344688
PT,2.0,57,27.6392,104478,48.966,7238175
PT,2.0,58,27.6597,105318,48.664,7314490
PT,2.0,59,27.7419,105495,48.767,7315228
PT,2.0,60,27.9415,105062,49.030,7354984
PT,2.0,61,27.0788,105199,48.736,7308055
PT,2.0,62,27.1798,105609,50.018,7343801
PT,2.0,63,27.4136,105614,49.050,7355640
PT,2.0,64,27.4351,105174,50.822,7304418
PT,2.0,65,27.5684,104981,48.406,7296938
PT,2.0,66,27.7046,104446,48.690,7248660
PT,2.0,67,27.8116,104957,49.039,7313187
PT,2.0,68,27.8350,105333,49.445,7343612
PT,2.0,69,27.8350,104189,48.003,7232689
PT,2.0,70,27.7952,104961,48.738,7285997
PT,2.0,71,27.4998,104599,48.162,7245388
PT,2.0,72,27.7548,105801,49.033,7364026
PT,2.0,73,27.4321,105464,49.718,7347041
PT,2.0,74,27.5388,105156,48.614,7307199
PT,2.0,75,23.0328,104902,49.556,7381769
PT,2.0,76,24.0922,104958,48.986,7354540
PT,2.0,77,24.7006,105773,49.436,7412912
PT,2.0,78,25.3540,104473,49.334,7314701
PT,2.0,79,25.9333,105735,49.439,7420195
PT,2.0,80,26.2112,105867,51.062,7427734
PT,2.0,81,26.6819,106363,49.524,7463061
PT,2.0,82,26.8334,106183,49.593,7429886
PT,2.0,83,27.0871,104446,49.152,7322927
PT,2.0,84,27.3336,105973,49.620,7416959
PT,2.0,85,27.6951,105780,49.488,7430901
PT,2.0,86,27.9951,105857,49.601,7408440
PT,2.0,87,28.2069,105405,49.321,7403609
PT,2.0,88,28.3254,106177,49.699,7478654
PT,2.0,89,28.4324,105609,49.676,7387467
PT,2.0,90,28.3045,105582,49.383,7412638
PT,2.0,91,28.1496,105725,49.576,7425840
PT,2.0,92,28.3330,106359,50.175,7469772
PT,2.0,93,28.3751,106146,49.624,7427078
PT,2.0,94,28.2710,105729,49.912,7406049
PT,2.0,95,26.6666,105278,49.070,7362219
PT,2.0,96,26.8254,104977,49.132,7361737
PT,2.0,97,26.9884,106095,50.171,7438008
PT,2.0,98,27.0187,105514,49.215,7398255
PT,2.0,99,26.9998,105665,50.519,7434183
PT,2.0,100,26.7659,105256,52.275,7399756
PT,2.0,101,26.8926,105392,50.556,7407490
PT,2.0,102,26.9732,104837,49.769,7372899
PT,2.0,103,27.2465,106349,50.105,7448280
PT,2.0,104,27.4195,105650,49.682,7428993
PT,2.0,105,27.5569,105263,49.805,7375306
PT,2.0,106,27.5625,105644,62.762,7407286
PT,2.0,107,27.5470,105980,66.608,7451195
PT,2.0,108,27.7031,104978,55.077,7359468
PT,2.0,109,27.7680,105023,50.414,7384237
PT,2.0,110,27.5637,104171,49.766,7310433
PT,2.0,111,27.4287,105544,49.507,7391881
PT,2.0,112,27.5748,105149,50.986,7376528
PT,2.0,113,27.7849,104723,50.110,7344007
PT,2.0,114,27.9842,104855,49.186,7374595
PT,2.0,115,28.1174,106640,51.197,7485788
PT,2.0,116,28.3076,106157,51.030,7464298
PT,2.0,117,28.3263,105562,51.238,7398989
PT,2.0,118,28.3067,104877,49.624,7362806
PT,2.0,119,28.3862,105645,52.010,7420153
PT,2.0,120,28.4804,105927,50.046,7429504
PT,2.0,121,28.6323,105329,49.412,7379153
PT,2.0,122,28.6690,104652,49.152,7363195
PT,2.0,123,28.6820,106991,50.429,7492655
PT,2.0,124,28.9131,106549,49.879,7488767
PT,2.0,125,28.6886,104906,50.321,7358297
PT,2.0,126,28.7287,105570,52.074,7418767
PT,2.0,127,28.8478,105191,51.521,7383306
PT,2.0,128,28.6735,104838,52.887,7370658
PT,2.0,129,28.8300,104330,53.140,7325457
PT,2.0,130,28.8702,106167,50.585,7455140
PT,2.0,131,28.8345,105212,51.821,7399451
PT,2.0,132,28.8244,105695,50.833,7417058
PT,2.0,133,28.8052,104856,48.987,7372134
PT,2.0,134,28.5499,104841,49.118,7341446
PT,2.0,135,28.5090,104710,49.486,7353774
PT,2.0,136,28.3776,105615,50.529,7400467
PT,2.0,137,28.4607,104671,51.117,7362990
PT,2.0,138,28.4660,105900,53.609,7429965
PT,2.0,139,28.4023,104947,52.290,7389611
PT,2.0,140,28.4857,104745,50.011,7337521
PT,2.0,141,28.6094,105438,49.514,7406640
PT,2.0,142,28.5201,105230,49.215,7382394
PT,2.0,143,28.5576,105434,49.524,7410868
PT,2.0,144,28.5662,106048,49.793,7439496
PT,2.0,145,28.6042,104581,48.870,7354780
PT,2.0,146,28.7112,105759,49.674,7434283
PT,2.0,147,28.7899,105070,51.459,7369998
PT,2.0,148,28.7941,104538,50.215,7304765
PT,2.0,149,28.7641,106109,52.271,7435033
DDGI,2.0,0,14.0422,67864,46.892,3931516
DDGI,2.0,1,15.4524,67836,45.525,3722026
DDGI,2.0,2,16.6764,66973,47.044,3925643
DDGI,2.0,3,17.4329,68052,47.369,3728881
DDGI,2.0,4,18.3467,66962,49.307,3935594
DDGI,2.0,5,19.1110,68279,49.626,3806963
DDGI,2.0,6,19.6896,66995,47.804,3827059
DDGI,2.0,7,20.3310,67905,47.265,3856680
DDGI,2.0,8,20.8107,67792,48.361,3754208
DDGI,2.0,9,21.2046,67295,49.845,3954793
DDGI,2.0,10,21.5429,68136,46.856,3721762
DDGI,2.0,11,21.8965,66748,47.936,3908375
DDGI,2.0,12,22.2787,68012,46.751,3754011
DDGI,2.0,13,22.5050,67057,47.385,3901620
DDGI,2.0,14,22.8137,68154,46.785,3848070
DDGI,2.0,15,23.1054,67391,46.466,3755101
DDGI,2.0,16,23.2929,67470,51.387,3915643
DDGI,2.0,17,23.5622,68060,46.804,3743661
DDGI,2.0,18,23.8395,67140,48.252,3962829
DDGI,2.0,19,24.0751,68152,46.819,3740319
DDGI,2.0,20,24.2951,66784,47.502,3882086
DDGI,2.0,21,24.6761,67996,47.370,3796517
DDGI,2.0,22,24.9203,67453,48.472,3855754
DDGI,2.0,23,25.1017,67872,47.637,3897997
DDGI,2.0,24,25.3377,67731,47.898,3714106
DDGI,2.0,25,25.5627,66953,48.262,3933796
DDGI,2.0,26,25.7287,68152,48.360,3743048
DDGI,2.0,27,25.9353,67009,47.502,3934519
DDGI,2.0,28,26.2142,68279,48.161,3792260
DDGI,2.0,29,26.4254,66872,52.547,3839081
DDGI,2.0,30,26.6402,67937,49.244,3857698
DDGI,2.0,31,26.8625,67815,46.436,3774359
DDGI,2.0,32,27.0090,67468,47.428,3940536
DDGI,2.0,33,27.1834,67873,46.110,3698844
DDGI,2.0,34,27.3095,66744,47.720,3918604
DDGI,2.0,35,27.4596,68289,46.372,3781821
DDGI,2.0,36,27.6598,66977,48.100,3889999
DDGI,2.0,37,26.7523,68269,47.295,3840777
DDGI,2.0,38,26.8671,67266,46.940,3779233
DDGI,2.0,39,26.9949,67729,50.912,3936451
DDGI,2.0,40,27.1172,67947,48.112,3735141
DDGI,2.0,41,27.1613,66998,48.415,3935226
DDGI,2.0,42,27.2813,67987,46.352,3719811
DDGI,2.0,43,27.3979,66785,47.068,3906105
DDGI,2.0,44,27.5536,68414,47.561,3826964
DDGI,2.0,45,28.1056,67180,46.875,3835862
DDGI,2.0,46,28.1349,67824,46.709,3865077
DDGI,2.0,47,28.4957,67624,47.772,3712646
DDGI,2.0,48,28.5007,67238,47.400,3974017
DDGI,2.0,49,28.6774,68231,48.121,3734236
DDGI,2.0,50,28.7902,66899,47.791,3917953
DDGI,2.0,51,29.1041,68025,46.385,3756473
DDGI,2.0,52,29.1875,66887,48.298,3870149
DDGI,2.0,53,29.2705,68293,46.583,3874606
DDGI,2.0,54,29.3707,67463,46.402,3757396
DDGI,2.0,55,29.3188,67439,50.871,3916790
DDGI,2.0,56,29.4586,67876,47.844,3708515
DDGI,2.0,57,29.5969,66972,48.640,3959663
DDGI,2.0,58,29.7240,68227,47.031,3749221
DDGI,2.0,59,29.8097,66861,47.228,3879174
DDGI,2.0,60,29.9131,68145,47.070,3810398
DDGI,2.0,61,29.8649,67354,47.135,3822637
DDGI,2.0,62,29.8066,67922,47.888,3924172
DDGI,2.0,63,29.8926,67766,45.995,3707581
DDGI,2.0,64,29.9090,67086,47.323,3938113
DDGI,2.0,65,29.9447,67947,47.923,3718931
DDGI,2.0,66,29.9848,67084,49.724,3944752
DDGI,2.0,67,30.0461,68291,47.585,3804546
DDGI,2.0,68,29.9740,66970,51.388,3839166
DDGI,2.0,69,29.8921,67786,47.707,3844893
DDGI,2.0,70,29.8899,67823,69.789,3773769
DDGI,2.0,71,29.7673,67306,59.483,3946991
DDGI,2.0,72,29.8412,67988,46.452,3712039
DDGI,2.0,73,29.9778,66796,47.159,3910111
DDGI,2.0,74,29.9137,68077,46.064,3766776
DDGI,2.0,75,24.2803,67265,50.771,3951950
DDGI,2.0,76,25.7004,68387,48.788,3964678
DDGI,2.0,77,25.9786,67394,47.580,3802032
DDGI,2.0,78,26.7206,67836,47.891,4043353
DDGI,2.0,79,27.3056,68293,53.169,3806007
DDGI,2.0,80,27.7732,67346,51.419,4047237
DDGI,2.0,81,27.9967,68292,53.195,3827164
DDGI,2.0,82,28.2758,67024,50.069,3953156
DDGI,2.0,83,28.6286,68514,56.445,3945195
DDGI,2.0,84,28.8643,67465,48.223,3879029
DDGI,2.0,85,29.0964,68272,49.082,4022199
DDGI,2.0,86,29.2647,67771,46.442,3753965
DDGI,2.0,87,28.9698,67393,48.049,4064718
DDGI,2.0,88,29.0794,68489,46.645,3838156
DDGI,2.0,89,29.4083,67178,47.673,4001672
DDGI,2.0,90,29.6688,68372,46.594,3884237
DDGI,2.0,91,29.7955,67012,46.791,3884227
DDGI,2.0,92,29.7605,68482,46.925,4005060
DDGI,2.0,93,29.7946,67639,46.283,3803743
DDGI,2.0,94,29.8163,67804,47.301,4054717
DDGI,2.0,95,29.8524,68034,46.196,3768440
DDGI,2.0,96,29.8843,67268,47.927,4050435
DDGI,2.0,97,30.0117,68540,46.874,3874099
DDGI,2.0,98,30.0635,67026,47.881,3929961
DDGI,2.0,99,29.7050,68422,47.347,3941383
DDGI,2.0,100,29.7605,67293,48.598,3812946
DDGI,2.0,101,29.8623,68191,49.088,4074980
DDGI,2.0,102,29.9454,67961,46.243,3771219
DDGI,2.0,103,29.9879,67291,47.344,4040613
DDGI,2.0,104,30.0459,68208,47.998,3813202
DDGI,2.0,105,28.7955,67168,47.455,4001030
DDGI,2.0,106,28.8059,68638,47.708,3939550
DDGI,2.0,107,28.7467,67189,46.760,3873090
DDGI,2.0,108,29.0982,68242,46.896,3990735
DDGI,2.0,109,29.1613,67814,45.909,3786782
DDGI,2.0,110,29.1401,67678,47.468,4081736
DDGI,2.0,111,29.0693,68243,45.962,3789834
DDGI,2.0,112,29.2031,67072,47.044,3998594
DDGI,2.0,113,29.2463,68276,46.085,3863516
DDGI,2.0,114,29.3415,67178,47.027,3946571
DDGI,2.0,115,29.4744,68609,46.570,3995723
DDGI,2.0,116,29.4722,67498,46.141,3793704
DDGI,2.0,117,29.5692,67773,47.446,4039923
DDGI,2.0,118,29.5265,68047,45.977,3781370
DDGI,2.0,119,29.2067,67366,47.265,4057008
DDGI,2.0,120,29.4508,68373,46.077,3839091
DDGI,2.0,121,29.3416,66911,46.773,3936726
DDGI,2.0,122,29.2542,68326,46.708,3926200
DDGI,2.0,123,29.2494,67584,46.675,3881302
DDGI,2.0,124,29.2878,68230,46.954,4036886
DDGI,2.0,125,29.2563,67853,48.089,3756591
DDGI,2.0,126,29.3833,67409,47.461,4055280
DDGI,2.0,127,29.2776,68404,46.797,3826391
DDGI,2.0,128,29.1798,67183,47.655,4003080
DDGI,2.0,129,28.6676,68417,46.545,3899402
DDGI,2.0,130,28.1464,67079,46.866,3878783
DDGI,2.0,131,27.9724,68203,46.974,3984168
DDGI,2.0,132,27.2592,67822,46.511,3813912
DDGI,2.0,133,26.8238,67759,47.758,4062971
DDGI,2.0,134,26.5349,68025,46.140,3766918
DDGI,2.0,135,26.3910,67122,47.165,4010596
DDGI,2.0,136,26.2806,68438,47.103,3886847
DDGI,2.0,137,26.2551,67111,47.107,3931930
DDGI,2.0,138,26.2594,68498,47.052,3954158
DDGI,2.0,139,26.2851,67329,46.045,3801698
DDGI,2.0,140,26.3156,68043,47.406,4063090
DDGI,2.0,141,25.9252,68086,46.983,3783481
DDGI,2.0,142,26.1612,67344,47.973,4043749
DDGI,2.0,143,26.1243,68206,46.518,3811141
DDGI,2.0,144,26.3311,66919,47.048,3951214
DDGI,2.0,145,26.4450,68654,46.567,3952576
DDGI,2.0,146,26.4808,67215,48.376,3864026
DDGI,2.0,147,26.3988,68163,46.726,3997970
DDGI,2.0,148,26.5075,67742,46.210,3758931
DDGI,2.0,149,26.5162,67572,48.530,4085956
FCGI,2.0,0,13.7657,67402,34.117,4559942
FCGI,2.0,1,18.0483,67223,34.110,4644395
FCGI,2.0,2,20.7301,66232,32.696,4529505
FCGI,2.0,3,22.0032,66436,32.989,4538719
FCGI,2.0,4,22.8269,66822,33.347,4528822
FCGI,2.0,5,23.5449,67250,32.605,4562171
FCGI,2.0,6,24.0973,67145,32.332,4615052
FCGI,2.0,7,24.5528,66280,32.166,4544923
FCGI,2.0,8,24.9644,66447,38.110,4496614
FCGI,2.0,9,25.2832,66804,35.188,4516262
FCGI,2.0,10,25.5916,67388,33.052,4605483
FCGI,2.0,11,25.8530,67212,33.396,4638857
FCGI,2.0,12,26.1478,66466,32.258,4563371
FCGI,2.0,13,26.3627,66652,31.878,4505707
FCGI,2.0,14,26.6223,66690,31.766,4509401
FCGI,2.0,15,26.8215,67230,32.355,4568726
FCGI,2.0,16,27.0558,67496,32.723,4644806
FCGI,2.0,17,27.3337,66471,32.064,4597308
FCGI,2.0,18,27.5687,66475,33.560,4553706
FCGI,2.0,19,27.7783,66530,31.662,4513185
FCGI,2.0,20,27.9695,67288,31.507,4553626
FCGI,2.0,21,28.1960,67234,32.789,4622945
FCGI,2.0,22,28.3919,66294,31.422,4569072
FCGI,2.0,23,28.6024,66349,31.422,4498712
FCGI,2.0,24,28.8088,66578,32.823,4506598
FCGI,2.0,25,28.9521,67071,31.278,4559950
FCGI,2.0,26,29.1339,67514,31.776,4650333
FCGI,2.0,27,29.3080,66623,31.584,4597230
FCGI,2.0,28,29.2508,66519,31.060,4519023
FCGI,2.0,29,29.4562,66530,31.072,4508282
FCGI,2.0,30,29.6212,66876,30.882,4528286
FCGI,2.0,31,29.7800,67304,32.373,4602275
FCGI,2.0,32,29.9815,66625,32.284,4621106
FCGI,2.0,33,30.1391,66282,31.227,4536232
FCGI,2.0,34,30.2608,66488,30.995,4494048
FCGI,2.0,35,30.3389,67012,31.661,4530031
FCGI,2.0,36,30.4551,67208,31.458,4571484
FCGI,2.0,37,30.5878,66764,32.148,4607553
FCGI,2.0,38,30.7037,66441,31.203,4508156
FCGI,2.0,39,30.7802,66661,31.054,4537756
FCGI,2.0,40,30.9051,66750,31.739,4542367
FCGI,2.0,41,30.9901,67561,32.437,4606289
FCGI,2.0,42,31.1051,66918,32.205,4620291
FCGI,2.0,43,31.2054,66327,32.181,4509929
FCGI,2.0,44,31.2927,66461,31.765,4516939
FCGI,2.0,45,31.3857,66790,31.873,4526049
FCGI,2.0,46,31.4604,67350,31.272,4560004
FCGI,2.0,47,31.5524,67141,31.852,4669255
FCGI,2.0,48,31.6162,66210,31.133,4540365
FCGI,2.0,49,31.6723,66489,33.505,4519282
FCGI,2.0,50,31.7559,66825,30.840,4519863
FCGI,2.0,51,31.7968,67269,30.888,4561521
FCGI,2.0,52,31.8198,67059,31.912,4635828
FCGI,2.0,53,31.8514,66430,30.813,4558768
FCGI,2.0,54,31.9180,66523,30.705,4529914
FCGI,2.0,55,31.9972,66700,30.939,4516069
FCGI,2.0,56,32.0498,67371,30.814,4579331
FCGI,2.0,57,32.1177,67330,31.322,4644233
FCGI,2.0,58,32.1743,66422,30.646,4550718
FCGI,2.0,59,32.2331,66271,30.603,4495840
FCGI,2.0,60,32.2619,66738,31.636,4496350
FCGI,2.0,61,32.2634,67262,31.756,4560382
FCGI,2.0,62,32.2847,67380,32.040,4644218
FCGI,2.0,63,32.3247,66276,31.495,4556539
FCGI,2.0,64,32.3049,66530,30.895,4514878
FCGI,2.0,65,32.3577,66679,30.761,4517690
FCGI,2.0,66,32.3627,67050,31.272,4533114
FCGI,2.0,67,32.3706,67328,31.356,4607439
FCGI,2.0,68,32.3883,66570,30.979,4588123
FCGI,2.0,69,32.3992,66474,30.900,4537388
FCGI,2.0,70,32.4126,66552,30.666,4542158
FCGI,2.0,71,32.3654,67207,30.904,4554475
FCGI,2.0,72,32.3786,67751,32.034,4652165
FCGI,2.0,73,32.4090,66562,31.000,4596614
FCGI,2.0,74,32.4116,66143,31.402,4516008
FCGI,2.0,75,24.9596,67538,34.697,4613401
FCGI,2.0,76,25.5218,67734,32.143,4727038
FCGI,2.0,77,25.7070,66512,31.763,4622359
FCGI,2.0,78,26.0206,66750,31.399,4587226
FCGI,2.0,79,26.2919,66952,31.435,4588717
FCGI,2.0,80,26.5554,67758,31.878,4635911
FCGI,2.0,81,26.8170,67172,31.683,4670982
FCGI,2.0,82,27.0483,66634,31.131,4604617
FCGI,2.0,83,27.2699,66713,31.320,4581668
FCGI,2.0,84,27.4494,67247,31.557,4643452
FCGI,2.0,85,27.6866,67653,31.728,4683298
FCGI,2.0,86,27.9086,66837,31.691,4676207
FCGI,2.0,87,28.1438,66767,31.179,4610531
FCGI,2.0,88,28.3409,66679,30.906,4569639
FCGI,2.0,89,28.5114,67383,32.564,4597423
FCGI,2.0,90,28.7101,67762,32.514,4705806
FCGI,2.0,91,28.9253,66410,32.710,4631832
FCGI,2.0,92,29.1224,66689,32.118,4601548
FCGI,2.0,93,29.2538,66923,32.384,4612934
FCGI,2.0,94,29.3824,67496,31.825,4612217
FCGI,2.0,95,29.5580,67395,31.696,4696921
FCGI,2.0,96,29.7191,66291,30.710,4573833
FCGI,2.0,97,29.8760,66713,31.577,4567449
FCGI,2.0,98,30.0138,67008,31.141,4611401
FCGI,2.0,99,30.1412,67882,31.543,4668545
FCGI,2.0,100,30.2987,66998,31.944,4698269
FCGI,2.0,101,30.4598,66479,31.307,4571892
FCGI,2.0,102,30.5887,66629,31.447,4586198
FCGI,2.0,103,30.7027,67304,31.407,4618070
FCGI,2.0,104,30.8404,67757,31.761,4700238
FCGI,2.0,105,30.9233,66503,31.407,4630611
FCGI,2.0,106,31.0401,66564,32.844,4584064
FCGI,2.0,107,31.1444,66716,31.497,4615980
FCGI,2.0,108,31.1939,67591,32.529,4639138
FCGI,2.0,109,31.2747,67573,33.769,4706617
FCGI,2.0,110,31.3553,66593,31.690,4590593
FCGI,2.0,111,31.4199,66662,31.712,4572507
FCGI,2.0,112,31.5051,66889,31.651,4611214
FCGI,2.0,113,31.5794,67743,31.760,4645002
FCGI,2.0,114,31.6374,67218,31.786,4707640
FCGI,2.0,115,31.7029,66481,31.037,4592964
FCGI,2.0,116,31.7879,66675,30.995,4573325
FCGI,2.0,117,31.7876,67303,31.970,4607124
FCGI,2.0,118,31.8423,67702,32.381,4663760
FCGI,2.0,119,31.9082,66818,32.227,4661146
FCGI,2.0,120,31.9534,66560,31.828,4576324
FCGI,2.0,121,32.0046,66625,32.093,4590201
FCGI,2.0,122,32.0074,67503,33.121,4633357
FCGI,2.0,123,32.0480,67710,33.507,4721642
FCGI,2.0,124,32.0714,66624,32.356,4621896
FCGI,2.0,125,32.0954,66737,31.923,4567930
FCGI,2.0,126,32.1448,66934,32.245,4604829
FCGI,2.0,127,32.1776,67471,33.203,4634467
FCGI,2.0,128,32.1998,67616,32.711,4724950
FCGI,2.0,129,32.2041,66545,31.870,4623808
FCGI,2.0,130,32.2247,66562,31.658,4591952
FCGI,2.0,131,32.2439,67147,32.205,4614850
FCGI,2.0,132,32.2567,67646,32.967,4629599
FCGI,2.0,133,32.2418,67091,31.866,4666860
FCGI,2.0,134,32.2784,66602,37.015,4589319
FCGI,2.0,135,32.3100,66706,32.377,4567200
FCGI,2.0,136,32.3398,67356,33.911,4609791
FCGI,2.0,137,32.3536,67563,32.360,4707277
FCGI,2.0,138,32.3788,66624,31.991,4648653
FCGI,2.0,139,32.3898,66652,31.766,4559165
FCGI,2.0,140,32.4092,66796,31.698,4567840
FCGI,2.0,141,32.4373,67398,31.812,4623265
FCGI,2.0,142,32.4272,67336,32.260,4692881
FCGI,2.0,143,32.4625,66484,31.265,4597600
FCGI,2.0,144,32.4701,66654,31.510,4627975
FCGI,2.0,145,32.5043,67041,31.571,4630119
FCGI,2.0,146,32.5164,67765,31.877,4652127
FCGI,2.0,147,32.5192,67302,31.938,4707997
FCGI,2.0,148,32.5248,66435,31.220,4600793
FCGI,2.0,149,32.5162,66591,31.184,4558040
PT,4.0,0,21.4808,210562,95.727,14641725
PT,4.0,1,22.5347,210597,95.895,14647827
PT,4.0,2,23.4870,210007,95.009,14582391
PT,4.0,3,24.2685,210820,96.112,14673470
PT,4.0,4,25.0089,211648,97.685,14695776
PT,4.0,5,25.6195,210048,96.683,14577109
PT,4.0,6,26.1502,209787,114.497,14581483
PT,4.0,7,26.6180,211064,105.938,14684416
PT,4.0,8,27.0670,212647,96.836,14789591
PT,4.0,9,27.2531,211567,95.767,14722572
PT,4.0,10,27.5642,210542,95.707,14632700
PT,4.0,11,27.8904,211294,95.848,14693943
PT,4.0,12,28.1258,210454,97.148,14666984
PT,4.0,13,28.2741,209012,100.241,14557704
PT,4.0,14,28.5398,210419,98.096,14590753
PT,4.0,15,28.8356,209658,97.917,14575935
PT,4.0,16,29.1001,211025,97.644,14678011
PT,4.0,17,29.2036,211081,99.560,14675144
PT,4.0,18,29.3588,209929,95.362,14611416
PT,4.0,19,29.4812,211954,96.657,14745080
PT,4.0,20,29.6528,210649,96.588,14644908
PT,4.0,21,29.6609,211137,98.732,14637448
PT,4.0,22,29.8147,210636,96.987,14670704
PT,4.0,23,29.6734,210476,95.485,14627564
PT,4.0,24,29.7483,210035,97.625,14613682
PT,4.0,25,29.6437,211011,96.601,14697503
PT,4.0,26,29.7558,210479,95.814,14620637
PT,4.0,27,29.8080,208977,94.776,14507907
PT,4.0,28,29.9142,211152,95.472,14660616
PT,4.0,29,29.8336,210346,96.868,14642824
PT,4.0,30,29.5607,210153,94.952,14605163
PT,4.0,31,29.6640,210309,94.973,14624616
PT,4.0,32,29.7034,210951,95.593,14688289
PT,4.0,33,29.7418,211020,95.910,14655672
PT,4.0,34,29.5919,210162,95.399,14594168
PT,4.0,35,29.5417,210536,97.123,14606168
PT,4.0,36,29.5965,210879,98.600,14628556
PT,4.0,37,28.8493,211540,96.688,14693455
PT,4.0,38,28.9386,209953,94.885,14588800
PT,4.0,39,29.0682,210868,95.156,14623376
PT,4.0,40,29.3123,210896,96.327,14675871
PT,4.0,41,29.4500,210403,96.044,14653768
PT,4.0,42,29.5546,210585,95.309,14628181
PT,4.0,43,29.3459,210703,95.736,14674751
PT,4.0,44,29.2538,211385,95.453,14703012
PT,4.0,45,28.7803,210699,97.141,14647633
PT,4.0,46,29.0283,210139,95.097,14580703
PT,4.0,47,29.1680,210485,94.889,14588320
PT,4.0,48,29.3414,210535,95.659,14638828
PT,4.0,49,29.4617,211025,95.993,14673651
PT,4.0,50,29.6596,210411,96.812,14618885
PT,4.0,51,29.7986,210741,99.553,14623156
PT,4.0,52,29.9390,209809,97.687,14576443
PT,4.0,53,29.8656,211890,97.733,14728629
PT,4.0,54,29.7916,211121,98.094,14645524
PT,4.0,55,29.9641,209593,100.920,14553901
PT,4.0,56,29.9319,210222,97.162,14566349
PT,4.0,57,29.9615,209527,98.324,14567626
PT,4.0,58,29.8676,212590,105.759,14785157
PT,4.0,59,29.9044,210894,103.408,14666463
PT,4.0,60,30.0521,211709,102.207,14732690
PT,4.0,61,29.9574,210519,98.114,14599742
PT,4.0,62,29.9082,210418,100.105,14623435
PT,4.0,63,27.5452,210414,103.147,14617403
PT,4.0,64,27.4935,210298,102.916,14561722
PT,4.0,65,27.5905,210515,103.713,14595314
PT,4.0,66,27.7919,211072,100.908,14680825
PT,4.0,67,27.9664,210615,99.864,14605018
PT,4.0,68,28.0186,209770,100.505,14548001
PT,4.0,69,28.1673,210198,100.330,14580409
PT,4.0,70,28.3537,209534,98.238,14554095
PT,4.0,71,28.5610,210746,97.392,14639425
PT,4.0,72,28.3636,210545,96.798,14598571
PT,4.0,73,28.3522,209635,95.309,14611244
PT,4.0,74,28.6414,209678,95.477,14554914
PT,4.0,75,23.4073,212131,98.056,14880140
PT,4.0,76,24.4690,210188,97.591,14768773
PT,4.0,77,25.4226,209967,96.855,14755867
PT,4.0,78,26.3626,211022,97.695,14784531
PT,4.0,79,27.0558,211426,98.226,14830016
PT,4.0,80,27.2112,210932,104.205,14791863
PT,4.0,81,27.7819,210951,103.374,14798781
PT,4.0,82,28.2157,212031,102.975,14877935
PT,4.0,83,28.6330,210690,100.811,14774752
PT,4.0,84,28.9337,210024,98.671,14750860
PT,4.0,85,29.2327,210410,96.241,14781643
PT,4.0,86,29.4455,210815,98.200,14824961
PT,4.0,87,29.3527,211319,116.597,14820169
PT,4.0,88,29.0158,210432,114.413,14770917
PT,4.0,89,29.1992,210164,110.569,14715858
PT,4.0,90,29.2770,210703,99.051,14783018
PT,4.0,91,29.2481,210804,125.736,14820534
PT,4.0,92,29.4707,210560,96.867,14768772
PT,4.0,93,29.6046,210350,116.097,14766739
PT,4.0,94,29.6913,211236,97.506,14852976
PT,4.0,95,29.8343,210426,96.681,14765618
PT,4.0,96,29.1096,210835,97.676,14800765
PT,4.0,97,29.3621,210022,96.468,14768467
PT,4.0,98,29.5676,211084,97.009,14817321
PT,4.0,99,29.6909,210642,97.014,14813767
PT,4.0,100,27.2169,210489,96.793,14748191
PT,4.0,101,27.1902,210214,96.020,14780881
PT,4.0,102,27.4108,211592,96.610,14866225
PT,4.0,103,27.6233,210654,98.338,14748115
PT,4.0,104,27.7155,210135,98.348,14767084
PT,4.0,105,27.9373,211922,97.697,14891378
PT,4.0,106,28.1259,212171,99.228,14898894
PT,4.0,107,28.2800,210421,96.869,14738287
PT,4.0,108,28.5104,211536,96.889,14845746
PT,4.0,109,28.6990,211496,97.065,14836063
PT,4.0,110,28.8190,209597,96.527,14706955
PT,4.0,111,28.7276,210822,96.259,14860001
PT,4.0,112,28.9406,211528,97.034,14817986
PT,4.0,113,29.2152,210100,98.753,14772941
PT,4.0,114,29.1640,209547,97.923,14701572
PT,4.0,115,29.4300,210696,96.191,14771830
PT,4.0,116,29.6844,209764,96.311,14733902
PT,4.0,117,29.7664,211331,97.230,14812703
PT,4.0,118,29.9591,210587,96.462,14751715
PT,4.0,119,29.9630,210639,96.503,14788412
PT,4.0,120,29.9381,209964,96.787,14758808
PT,4.0,121,30.0888,210161,95.861,14748722
PT,4.0,122,30.2178,210766,96.158,14786438
PT,4.0,123,30.0183,211299,98.617,14832480
PT,4.0,124,30.0826,210978,97.012,14823061
PT,4.0,125,30.2123,210002,97.029,14732465
PT,4.0,126,30.2833,210632,98.521,14779192
PT,4.0,127,30.3303,212014,97.797,14886040
PT,4.0,128,30.2443,210655,96.928,14789502
PT,4.0,129,30.2663,211670,97.550,14850493
PT,4.0,130,30.2815,211306,96.994,14828564
PT,4.0,131,30.3831,211577,96.683,14834462
PT,4.0,132,30.1178,211560,96.872,14859583
PT,4.0,133,30.1025,211768,96.805,14862471
PT,4.0,134,30.1229,210389,98.841,14778749
PT,4.0,135,30.0625,210601,97.367,14775284
PT,4.0,136,30.2560,211943,96.176,14885134
PT,4.0,137,30.2079,209998,95.707,14753266
PT,4.0,138,30.4052,210953,95.707,14815896
PT,4.0,139,30.0716,211041,99.932,14826082
PT,4.0,140,30.2053,210382,97.349,14788390
PT,4.0,141,27.3452,211007,95.842,14817228
PT,4.0,142,27.5315,211340,96.031,14845437
PT,4.0,143,27.6845,211263,96.129,14836666
PT,4.0,144,27.7669,210049,97.693,14743620
PT,4.0,145,27.7563,210750,97.487,14773171
PT,4.0,146,28.0835,210525,97.660,14787532
PT,4.0,147,28.3253,211280,97.459,14828763
PT,4.0,148,28.5021,211251,97.531,14822719
PT,4.0,149,28.7553,211634,98.252,14877516
DDGI,4.0,0,15.4524,135700,85.316,7653542
DDGI,4.0,1,17.4329,135025,85.960,7654524
DDGI,4.0,2,19.1110,135241,87.323,7742557
DDGI,4.0,3,20.3310,134900,88.973,7683739
DDGI,4.0,4,21.2046,135087,87.783,7709001
DDGI,4.0,5,21.8965,134884,87.378,7630137
DDGI,4.0,6,22.5050,135069,87.794,7655631
DDGI,4.0,7,23.1054,135545,87.432,7603171
DDGI,4.0,8,23.5622,135530,88.719,7659304
DDGI,4.0,9,24.0751,135292,88.611,7703148
DDGI,4.0,10,24.6761,134780,88.831,7678603
DDGI,4.0,11,25.1017,135325,88.074,7753751
DDGI,4.0,12,25.5627,134684,87.345,7647902
DDGI,4.0,13,25.9353,135161,87.590,7677567
DDGI,4.0,14,26.4254,135151,89.093,7631341
DDGI,4.0,15,26.8625,135752,87.865,7632057
DDGI,4.0,16,27.1834,135341,89.266,7639380
DDGI,4.0,17,27.4596,135033,90.211,7700425
DDGI,4.0,18,26.7523,135246,89.276,7730776
DDGI,4.0,19,26.9949,134995,88.419,7715684
DDGI,4.0,20,27.1613,134945,88.413,7670367
DDGI,4.0,21,27.3979,134772,88.228,7625916
DDGI,4.0,22,28.1056,135594,89.124,7662826
DDGI,4.0,23,28.4957,135448,90.722,7577723
DDGI,4.0,24,28.6774,135469,89.692,7708253
DDGI,4.0,25,29.1041,134924,90.667,7674426
DDGI,4.0,26,29.2705,135180,89.628,7744755
DDGI,4.0,27,29.3188,134902,90.248,7674186
DDGI,4.0,28,29.5969,134848,89.479,7668178
DDGI,4.0,29,29.8097,135088,87.957,7628395
DDGI,4.0,30,29.8649,135499,87.293,7633035
DDGI,4.0,31,29.8926,135688,87.354,7631753
DDGI,4.0,32,29.9447,135033,88.548,7657044
DDGI,4.0,33,30.0461,135375,91.040,7749298
DDGI,4.0,34,29.8921,134756,89.838,7684059
DDGI,4.0,35,29.7673,135129,87.983,7720760
DDGI,4.0,36,29.9778,134784,90.031,7622150
DDGI,4.0,37,29.9648,135192,88.757,7671857
DDGI,4.0,38,30.0890,135379,87.493,7603848
DDGI,4.0,39,30.0826,135638,87.792,7661684
DDGI,4.0,40,30.1195,135176,88.501,7679244
DDGI,4.0,41,30.0468,134928,87.598,7700898
DDGI,4.0,42,30.1132,135152,87.694,7727640
DDGI,4.0,43,30.0473,134722,87.494,7662440
DDGI,4.0,44,30.1424,135120,87.474,7663596
DDGI,4.0,45,30.1223,135033,87.317,7623531
DDGI,4.0,46,30.1925,135747,87.228,7645968
DDGI,4.0,47,30.2211,135347,87.386,7630396
DDGI,4.0,48,30.1078,135163,90.159,7718848
DDGI,4.0,49,30.1468,134969,88.808,7699171
DDGI,4.0,50,30.1271,134916,87.917,7718780
DDGI,4.0,51,30.2060,134828,88.294,7655225
DDGI,4.0,52,30.1594,134937,88.012,7660614
DDGI,4.0,53,30.0463,135443,88.556,7654169
DDGI,4.0,54,30.0284,135553,87.875,7595213
DDGI,4.0,55,30.1207,135424,88.938,7684636
DDGI,4.0,56,30.0165,134878,88.115,7671457
DDGI,4.0,57,30.0510,135360,88.341,7764373
DDGI,4.0,58,30.0312,134788,87.669,7672211
DDGI,4.0,59,30.0285,135030,112.867,7692799
DDGI,4.0,60,30.0723,134809,96.381,7615774
DDGI,4.0,61,30.0191,135573,87.866,7656238
DDGI,4.0,62,29.9757,135719,88.150,7614108
DDGI,4.0,63,30.1056,135135,88.079,7673478
DDGI,4.0,64,30.0710,135097,88.758,7724678
DDGI,4.0,65,30.0163,134740,88.057,7687161
DDGI,4.0,66,30.1254,135287,88.288,7724680
DDGI,4.0,67,30.0169,134625,91.041,7622895
DDGI,4.0,68,29.7882,135201,88.135,7672544
DDGI,4.0,69,29.7628,135397,87.018,7600637
DDGI,4.0,70,29.9219,135676,89.496,7660735
DDGI,4.0,71,29.6643,135106,87.257,7671566
DDGI,4.0,72,29.8800,135080,87.596,7722077
DDGI,4.0,73,30.1021,135108,87.692,7718067
DDGI,4.0,74,30.0096,134858,87.794,7683668
DDGI,4.0,75,26.6642,135508,88.705,7804739
DDGI,4.0,76,27.7193,135379,87.992,7791117
DDGI,4.0,77,28.4422,136309,87.833,7815174
DDGI,4.0,78,28.7955,135790,88.288,7799349
DDGI,4.0,79,29.2655,135742,90.282,7911959
DDGI,4.0,80,29.2907,135446,88.641,7879724
DDGI,4.0,81,28.5920,135692,89.612,7910967
DDGI,4.0,82,29.3860,135218,88.524,7808562
DDGI,4.0,83,29.7064,135415,87.926,7816528
DDGI,4.0,84,29.9276,135686,87.267,7783725
DDGI,4.0,85,30.1669,136162,87.302,7798619
DDGI,4.0,86,30.3838,135717,87.803,7845940
DDGI,4.0,87,29.6790,135439,87.970,7874223
DDGI,4.0,88,29.6085,135814,88.983,7928264
DDGI,4.0,89,29.0302,135216,88.305,7838508
DDGI,4.0,90,29.5324,135537,88.766,7848526
DDGI,4.0,91,29.6619,135291,90.660,7780875
DDGI,4.0,92,29.7372,135890,87.467,7822704
DDGI,4.0,93,29.7304,135974,87.576,7764076
DDGI,4.0,94,29.7215,135740,88.206,7894386
DDGI,4.0,95,29.5839,135519,88.160,7883503
DDGI,4.0,96,29.6610,135524,88.269,7901367
DDGI,4.0,97,29.6410,135455,87.986,7856587
DDGI,4.0,98,29.5144,135033,87.728,7788214
DDGI,4.0,99,29.2978,135585,88.060,7814333
DDGI,4.0,100,29.2413,135733,87.488,7757776
DDGI,4.0,101,29.3138,136162,88.815,7856439
DDGI,4.0,102,28.0744,135494,90.189,7843312
DDGI,4.0,103,28.2017,135605,88.684,7921311
DDGI,4.0,104,28.2713,135306,89.272,7859669
DDGI,4.0,105,28.3843,135452,88.725,7871264
DDGI,4.0,106,28.3769,135252,88.568,7779654
DDGI,4.0,107,28.6121,135548,88.130,7810398
DDGI,4.0,108,27.9296,136053,87.612,7796033
DDGI,4.0,109,28.3086,135745,87.616,7816968
DDGI,4.0,110,27.2036,135721,88.637,7903772
DDGI,4.0,111,27.1451,135340,88.425,7871242
DDGI,4.0,112,27.3318,135732,88.413,7920362
DDGI,4.0,113,27.6022,135069,90.230,7787167
DDGI,4.0,114,27.9336,135469,88.316,7823774
DDGI,4.0,115,28.1095,135481,88.118,7766898
DDGI,4.0,116,28.3726,136300,88.155,7819087
DDGI,4.0,117,28.1982,135645,88.143,7820484
DDGI,4.0,118,28.1560,135673,89.287,7903595
DDGI,4.0,119,28.2476,135719,88.678,7900736
DDGI,4.0,120,28.3929,135414,88.325,7875321
DDGI,4.0,121,28.1662,135522,88.094,7832546
DDGI,4.0,122,28.2064,135262,87.863,7777188
DDGI,4.0,123,28.2570,135841,90.259,7812074
DDGI,4.0,124,28.4713,136032,89.878,7777109
DDGI,4.0,125,28.3087,135861,87.990,7887307
DDGI,4.0,126,28.3392,135508,87.878,7872387
DDGI,4.0,127,28.2953,135729,88.779,7926560
DDGI,4.0,128,28.3273,135345,88.848,7852541
DDGI,4.0,129,28.3007,135258,88.239,7814771
DDGI,4.0,130,28.4176,135525,89.174,7804157
DDGI,4.0,131,28.4878,135803,87.635,7780981
DDGI,4.0,132,28.4957,136188,88.024,7819886
DDGI,4.0,133,28.6384,135420,88.880,7845906
DDGI,4.0,134,28.4757,135658,88.656,7925174
DDGI,4.0,135,28.5299,135377,88.575,7862126
DDGI,4.0,136,28.4753,135584,90.799,7884111
DDGI,4.0,137,28.4648,135346,88.697,7788551
DDGI,4.0,138,28.4974,135619,88.310,7823019
DDGI,4.0,139,27.8385,135893,87.326,7773917
DDGI,4.0,140,28.0756,135991,88.127,7842411
DDGI,4.0,141,28.2261,135636,88.524,7882254
DDGI,4.0,142,28.3468,135343,88.437,7873403
DDGI,4.0,143,28.3696,135652,88.841,7906714
DDGI,4.0,144,28.4342,135085,88.104,7808024
DDGI,4.0,145,28.4400,135641,88.410,7824279
DDGI,4.0,146,28.3553,135502,87.906,7772097
DDGI,4.0,147,28.3150,136285,90.025,7825041
DDGI,4.0,148,28.3847,135903,88.063,7827761
DDGI,4.0,149,28.5752,135576,88.364,7901311
FCGI,4.0,0,14.2101,134526,63.990,9180622
FCGI,4.0,1,19.9883,132849,62.434,9077622
FCGI,4.0,2,21.9698,134141,62.435,9097737
FCGI,4.0,3,23.3442,133443,61.897,9176606
FCGI,4.0,4,24.2714,133179,60.977,9016932
FCGI,4.0,5,25.0089,134469,62.266,9212773
FCGI,4.0,6,25.5756,133088,61.284,9089338
FCGI,4.0,7,26.0771,133926,61.277,9083563
FCGI,4.0,8,26.6197,133894,62.404,9252713
FCGI,4.0,9,27.1478,133126,62.499,9071218
FCGI,4.0,10,27.6364,134612,61.735,9154436
FCGI,4.0,11,28.1487,132980,60.984,9066756
FCGI,4.0,12,28.5705,133410,61.017,9083857
FCGI,4.0,13,28.9977,133998,61.482,9247334
FCGI,4.0,14,29.3860,132911,59.988,9031922
FCGI,4.0,15,29.7162,134604,60.885,9133430
FCGI,4.0,16,30.1166,133001,60.593,9172632
FCGI,4.0,17,30.3841,133465,60.344,9024995
FCGI,4.0,18,30.6842,134142,61.747,9199702
FCGI,4.0,19,30.9281,133004,60.550,9040328
FCGI,4.0,20,31.1023,134246,60.892,9150198
FCGI,4.0,21,31.3162,133237,60.792,9141863
FCGI,4.0,22,31.4667,133459,61.370,9042305
FCGI,4.0,23,31.6450,134432,61.808,9230328
FCGI,4.0,24,31.8192,132759,60.720,9055260
FCGI,4.0,25,31.8857,134083,63.682,9068576
FCGI,4.0,26,31.9893,133423,62.423,9161142
FCGI,4.0,27,32.1449,133204,61.841,9059526
FCGI,4.0,28,32.2067,134488,63.026,9202217
FCGI,4.0,29,32.1781,132820,62.066,9086099
FCGI,4.0,30,32.2467,133950,61.592,9075941
FCGI,4.0,31,32.2999,133666,61.895,9208332
FCGI,4.0,32,32.0045,133213,60.611,9039355
FCGI,4.0,33,31.7960,134660,61.056,9177560
FCGI,4.0,34,31.7749,133113,60.453,9152138
FCGI,4.0,35,31.7958,133443,60.572,9063409
FCGI,4.0,36,31.8698,134205,61.503,9229989
FCGI,4.0,37,31.9249,132918,59.783,8995625
FCGI,4.0,38,31.9624,134201,60.782,9157876
FCGI,4.0,39,31.8650,133163,60.740,9153491
FCGI,4.0,40,30.2812,133583,61.019,9032594
FCGI,4.0,41,29.6840,134553,63.817,9228661
FCGI,4.0,42,29.0197,132962,60.397,9071853
FCGI,4.0,43,28.6753,134471,61.152,9152549
FCGI,4.0,44,28.7478,133225,67.708,9160864
FCGI,4.0,45,28.7743,133474,63.054,9060328
FCGI,4.0,46,28.7197,134584,63.276,9267195
FCGI,4.0,47,28.8977,132904,61.557,9070300
FCGI,4.0,48,29.0252,134115,61.994,9076392
FCGI,4.0,49,29.2428,133566,61.940,9216707
FCGI,4.0,50,29.4435,133084,60.972,9019639
FCGI,4.0,51,29.5889,134528,61.665,9159598
FCGI,4.0,52,29.7576,133073,61.119,9093806
FCGI,4.0,53,29.9790,133782,62.562,9102299
FCGI,4.0,54,30.2334,133908,63.448,9180227
FCGI,4.0,55,30.4250,132873,62.608,9015953
FCGI,4.0,56,30.5698,134916,64.275,9207793
FCGI,4.0,57,30.7373,132773,64.552,9141002
FCGI,4.0,58,30.8133,133751,62.788,9012239
FCGI,4.0,59,30.9741,134069,64.757,9189540
FCGI,4.0,60,31.1887,132974,61.864,9058884
FCGI,4.0,61,31.3056,134261,65.056,9132196
FCGI,4.0,62,31.4031,133006,62.817,9126920
FCGI,4.0,63,31.3843,133700,60.862,9051131
FCGI,4.0,64,31.4524,134358,61.575,9225037
FCGI,4.0,65,31.5566,132763,60.342,9030517
FCGI,4.0,66,31.5821,133911,60.542,9086504
FCGI,4.0,67,31.6491,133258,61.145,9159771
FCGI,4.0,68,31.7537,133178,60.541,9071682
FCGI,4.0,69,31.8388,134639,61.279,9187471
FCGI,4.0,70,31.9339,132574,60.227,9028207
FCGI,4.0,71,32.0184,134216,61.365,9118582
FCGI,4.0,72,32.1207,133533,61.727,9193681
FCGI,4.0,73,32.2166,133186,63.915,9034304
FCGI,4.0,74,32.2689,135017,62.679,9221923
FCGI,4.0,75,25.9997,134967,64.154,9275399
FCGI,4.0,76,26.6126,133388,62.311,9248359
FCGI,4.0,77,27.1077,134429,62.456,9206791
FCGI,4.0,78,27.6640,134068,63.612,9316425
FCGI,4.0,79,28.1401,133625,63.145,9193707
FCGI,4.0,80,28.5296,134990,64.753,9330177
FCGI,4.0,81,28.9274,133268,62.322,9154068
FCGI,4.0,82,29.3062,134848,62.616,9270865
FCGI,4.0,83,29.6800,133781,63.197,9309178
FCGI,4.0,84,29.7806,133876,62.490,9190595
FCGI,4.0,85,30.1003,134362,62.788,9295935
FCGI,4.0,86,30.4237,133372,63.119,9156802
FCGI,4.0,87,30.7014,134923,62.757,9338781
FCGI,4.0,88,30.9630,133432,61.917,9184348
FCGI,4.0,89,31.1804,134390,63.362,9226063
FCGI,4.0,90,31.3277,133981,63.201,9310424
FCGI,4.0,91,31.5379,133750,62.505,9212101
FCGI,4.0,92,31.7063,134692,63.267,9334033
FCGI,4.0,93,31.8862,133062,62.760,9134940
FCGI,4.0,94,31.9771,135200,64.305,9354487
FCGI,4.0,95,32.0812,133330,62.262,9229589
FCGI,4.0,96,32.1561,134552,62.569,9210736
FCGI,4.0,97,32.2128,133993,62.351,9311504
FCGI,4.0,98,32.3072,133656,61.770,9223575
FCGI,4.0,99,32.3123,134724,65.806,9330530
FCGI,4.0,100,31.7055,133288,66.347,9163851
FCGI,4.0,101,31.7564,135204,67.429,9325078
FCGI,4.0,102,31.8619,133025,64.303,9221308
FCGI,4.0,103,31.8796,134283,63.394,9170719
FCGI,4.0,104,31.9320,133998,64.043,9312062
FCGI,4.0,105,32.0231,133687,62.780,9210842
FCGI,4.0,106,32.0662,134885,64.917,9356088
FCGI,4.0,107,32.0733,133243,65.465,9152773
FCGI,4.0,108,32.1329,134677,65.678,9247172
FCGI,4.0,109,32.1993,133578,66.225,9273648
FCGI,4.0,110,32.2971,134079,64.772,9193440
FCGI,4.0,111,32.3484,134151,64.840,9265104
FCGI,4.0,112,32.3027,133752,65.321,9176549
FCGI,4.0,113,32.3368,134856,64.219,9368169
FCGI,4.0,114,32.3771,133481,62.290,9165100
FCGI,4.0,115,32.3524,134838,63.977,9249986
FCGI,4.0,116,32.3867,133869,63.922,9247488
FCGI,4.0,117,32.4451,133804,65.651,9204259
FCGI,4.0,118,32.5113,134241,65.228,9293598
FCGI,4.0,119,32.5233,133158,68.472,9130488
FCGI,4.0,120,32.5114,135076,67.355,9354785
FCGI,4.0,121,32.4650,133355,62.723,9227300
FCGI,4.0,122,32.4983,134401,63.375,9193492
FCGI,4.0,123,32.5637,133532,64.187,9250931
FCGI,4.0,124,32.5471,133790,63.162,9206195
FCGI,4.0,125,32.5255,134661,64.210,9343189
FCGI,4.0,126,32.4425,133395,62.026,9136036
FCGI,4.0,127,32.4816,135099,63.415,9307701
FCGI,4.0,128,32.4201,133314,62.263,9223065
FCGI,4.0,129,32.4451,134442,63.879,9221194
FCGI,4.0,130,32.4803,133697,62.919,9262785
FCGI,4.0,131,31.9468,133801,64.470,9201862
FCGI,4.0,132,31.9909,134570,65.800,9355256
FCGI,4.0,133,31.9942,133421,62.414,9172694
FCGI,4.0,134,32.0466,134820,64.105,9286104
FCGI,4.0,135,32.0944,133069,62.496,9239340
FCGI,4.0,136,32.1907,134169,62.218,9213366
FCGI,4.0,137,32.1925,134122,61.776,9299272
FCGI,4.0,138,31.9258,133685,61.027,9168233
FCGI,4.0,139,31.5948,135089,62.087,9398191
FCGI,4.0,140,31.5254,133310,61.076,9173460
FCGI,4.0,141,31.5535,134945,62.428,9265621
FCGI,4.0,142,31.4724,133574,62.769,9226239
FCGI,4.0,143,31.5012,134041,63.120,9233990
FCGI,4.0,144,31.5777,134315,63.524,9308262
FCGI,4.0,145,31.6971,133369,63.799,9154255
FCGI,4.0,146,31.8011,135089,64.236,9363183
FCGI,4.0,147,31.8790,132748,64.219,9172622
FCGI,4.0,148,31.9487,134869,67.178,9268746
FCGI,4.0,149,32.0505,133694,64.557,9254790
