scene,method,mult,frame,psnr,ssim,flicker,rays,ms,steps
bunker,PT,1.00,0,18.0438,0.19006,0.000000,208083,166.520,6692989
bunker,PT,1.00,1,19.7938,0.24417,0.023972,207823,181.459,6694868
bunker,PT,1.00,2,21.1511,0.29044,0.018762,207222,177.109,6684015
bunker,PT,1.00,3,22.1916,0.32469,0.016540,207502,193.843,6679908
bunker,PT,1.00,4,22.9884,0.36004,0.014150,207815,212.262,6695545
bunker,PT,1.00,5,23.6914,0.38728,0.013664,208039,165.806,6701120
bunker,PT,1.00,6,24.3315,0.41516,0.013497,208544,169.525,6723352
bunker,PT,1.00,7,24.7990,0.43350,0.013398,207508,179.035,6686534
bunker,PT,1.00,8,25.1997,0.45463,0.013542,208788,181.486,6723856
bunker,PT,1.00,9,25.3239,0.46652,0.012363,208314,215.244,6713819
bunker,PT,1.00,10,25.4484,0.47524,0.012908,207947,171.227,6701481
bunker,PT,1.00,11,25.7072,0.48523,0.012538,209305,214.663,6747150
bunker,PT,1.00,12,25.9527,0.49636,0.011991,208609,216.697,6711489
bunker,PT,1.00,13,26.0963,0.50354,0.012300,207642,197.597,6684561
bunker,PT,1.00,14,26.3035,0.51313,0.012374,209461,185.377,6738515
bunker,PT,1.00,15,26.4597,0.51398,0.011803,209069,222.519,6743816
bunker,PT,1.00,16,26.4143,0.51167,0.012711,209293,212.584,6746585
bunker,PT,1.00,17,26.4853,0.51388,0.012419,206851,247.657,6666480
bunker,PT,1.00,18,26.5647,0.51650,0.011753,208165,219.634,6696279
bunker,PT,1.00,19,26.6671,0.51999,0.011689,208307,207.557,6722050
bunker,PT,1.00,20,26.8151,0.52249,0.011988,207786,198.314,6705030
bunker,PT,1.00,21,26.7279,0.52161,0.012308,207564,201.098,6689760
bunker,PT,1.00,22,26.8327,0.52560,0.011692,207803,200.851,6693691
bunker,PT,1.00,23,26.9278,0.52680,0.012261,207196,216.274,6678423
bunker,PT,1.00,24,26.9656,0.52439,0.012349,207660,208.274,6700187
bunker,PT,1.00,25,26.9189,0.52308,0.012331,208166,196.310,6701668
bunker,PT,1.00,26,26.8318,0.52178,0.012429,208381,207.794,6709002
bunker,PT,1.00,27,26.8395,0.52175,0.012061,207972,177.073,6689790
bunker,PT,1.00,28,26.9307,0.52421,0.012153,208307,196.601,6708625
bunker,PT,1.00,29,27.0141,0.52918,0.011726,208927,185.835,6727226
bunker,PT,1.00,30,27.0325,0.52806,0.012117,208137,202.676,6704205
bunker,PT,1.00,31,27.0860,0.53052,0.011857,207597,204.693,6688463
bunker,PT,1.00,32,27.1153,0.53289,0.011456,207932,212.965,6672425
bunker,PT,1.00,33,27.1670,0.53418,0.011837,207410,175.186,6684230
bunker,PT,1.00,34,27.0055,0.53121,0.012325,208969,188.918,6723135
bunker,PT,1.00,35,26.6868,0.52887,0.012761,208876,186.535,6725223
bunker,PT,1.00,36,26.6415,0.52621,0.011851,207797,192.038,6695529
bunker,PT,1.00,37,26.7506,0.52435,0.012359,208132,191.790,6701536
bunker,PT,1.00,38,26.6776,0.52320,0.012368,208282,198.078,6699370
bunker,PT,1.00,39,26.8049,0.52668,0.011813,207144,201.831,6663522
bunker,PT,1.00,40,26.8346,0.52433,0.012167,209063,186.935,6735829
bunker,PT,1.00,41,26.8758,0.52462,0.012017,208130,214.151,6710184
bunker,PT,1.00,42,26.7121,0.52160,0.012240,208114,194.142,6700367
bunker,PT,1.00,43,26.7215,0.52469,0.011895,207489,169.171,6674923
bunker,PT,1.00,44,26.7854,0.52727,0.012195,207744,178.444,6689309
bunker,PT,1.00,45,26.7856,0.52580,0.011693,208322,192.419,6707191
bunker,PT,1.00,46,26.7651,0.52412,0.012069,207196,194.122,6669716
bunker,PT,1.00,47,26.6710,0.51925,0.012089,208297,186.649,6717417
bunker,PT,1.00,48,26.7651,0.51905,0.012153,208955,179.277,6726904
bunker,PT,1.00,49,26.7044,0.51834,0.012074,208123,198.592,6701940
bunker,PT,1.00,50,26.7768,0.52113,0.012065,208243,225.880,6702382
bunker,PT,1.00,51,26.8858,0.52339,0.012175,207913,175.890,6693897
bunker,PT,1.00,52,26.9459,0.52394,0.012197,208356,173.196,6712109
bunker,PT,1.00,53,26.8473,0.52428,0.012529,209208,192.829,6735780
bunker,PT,1.00,54,26.8685,0.52815,0.011763,208226,208.397,6700147
bunker,PT,1.00,55,26.8237,0.52494,0.011923,208257,186.597,6712704
bunker,PT,1.00,56,26.8563,0.52489,0.011600,207043,192.955,6661273
bunker,PT,1.00,57,26.7997,0.52594,0.011994,208367,165.903,6705741
bunker,PT,1.00,58,26.8223,0.52747,0.011885,207928,162.047,6698670
bunker,PT,1.00,59,26.8787,0.52644,0.012004,207823,190.449,6709498
bunker,PT,1.00,60,26.9176,0.52778,0.011693,207433,170.378,6679257
bunker,PT,1.00,61,26.8894,0.52941,0.012333,208064,263.658,6693974
bunker,PT,1.00,62,26.7720,0.52444,0.012247,208114,203.118,6696848
bunker,PT,1.00,63,26.4755,0.51913,0.012092,207895,186.368,6687048
bunker,PT,1.00,64,26.5845,0.51928,0.012117,207117,212.700,6668197
bunker,PT,1.00,65,26.6276,0.51943,0.012451,208281,188.990,6726213
bunker,PT,1.00,66,26.6631,0.51977,0.011545,208261,190.883,6712014
bunker,PT,1.00,67,26.6377,0.51868,0.012243,207447,195.227,6666608
bunker,PT,1.00,68,26.5664,0.51685,0.012101,208532,227.915,6722506
bunker,PT,1.00,69,26.4248,0.51402,0.012026,207393,215.603,6674130
bunker,PT,1.00,70,26.4351,0.51488,0.012202,208577,192.361,6722335
bunker,PT,1.00,71,26.3849,0.51469,0.012618,208095,183.600,6696044
bunker,PT,1.00,72,26.3163,0.51186,0.012014,208156,201.463,6700331
bunker,PT,1.00,73,25.9443,0.50876,0.012312,208470,217.272,6718716
bunker,PT,1.00,74,25.9010,0.51136,0.012250,206929,185.999,6666784
bunker,PT,1.00,75,22.5472,0.57284,0.014142,208648,192.205,6778068
bunker,PT,1.00,76,23.5185,0.57624,0.014215,207835,177.392,6773065
bunker,PT,1.00,77,24.2357,0.57875,0.013068,207897,190.727,6769143
bunker,PT,1.00,78,24.9265,0.58790,0.012031,208102,199.696,6764535
bunker,PT,1.00,79,25.4192,0.58964,0.011884,208121,195.531,6773105
bunker,PT,1.00,80,25.8108,0.59192,0.011273,206595,178.653,6725538
bunker,PT,1.00,81,26.1693,0.59411,0.011074,208680,187.953,6793961
bunker,PT,1.00,82,26.4176,0.59362,0.011109,208142,198.676,6766151
bunker,PT,1.00,83,26.6684,0.59419,0.010819,208714,201.217,6805203
bunker,PT,1.00,84,26.7254,0.59499,0.010914,207177,175.206,6726322
bunker,PT,1.00,85,26.9237,0.59917,0.010318,207355,177.108,6754074
bunker,PT,1.00,86,27.0061,0.59873,0.010614,208682,191.461,6794228
bunker,PT,1.00,87,27.0509,0.59978,0.010564,208823,194.141,6812313
bunker,PT,1.00,88,27.2346,0.60310,0.010257,208027,173.373,6763800
bunker,PT,1.00,89,27.3700,0.60538,0.010418,207516,206.481,6747146
bunker,PT,1.00,90,27.4720,0.60808,0.010375,208956,174.240,6792942
bunker,PT,1.00,91,27.5392,0.60757,0.010364,208489,182.435,6786603
bunker,PT,1.00,92,27.6238,0.60836,0.010689,208448,203.905,6784897
bunker,PT,1.00,93,27.6021,0.60831,0.010704,208611,186.492,6797672
bunker,PT,1.00,94,27.4138,0.60861,0.010672,208080,170.114,6780504
bunker,PT,1.00,95,26.9884,0.60670,0.011306,207721,243.220,6774221
bunker,PT,1.00,96,27.1071,0.60998,0.010057,207830,210.808,6761395
bunker,PT,1.00,97,27.1344,0.60736,0.010678,207545,251.547,6761019
bunker,PT,1.00,98,26.6216,0.60182,0.011212,209710,242.605,6831697
bunker,PT,1.00,99,26.7588,0.60698,0.010321,210070,308.316,6835460
bunker,PT,1.00,100,26.7571,0.60599,0.010693,208238,224.655,6768291
bunker,PT,1.00,101,26.8130,0.60604,0.010488,207806,230.721,6767318
bunker,PT,1.00,102,26.7186,0.60050,0.010938,208573,246.258,6791069
bunker,PT,1.00,103,26.9791,0.60393,0.010385,207625,233.692,6758316
bunker,PT,1.00,104,26.9734,0.59866,0.010555,208941,226.594,6798892
bunker,PT,1.00,105,27.0136,0.59867,0.010418,208423,184.919,6799546
bunker,PT,1.00,106,27.1360,0.59956,0.009990,207733,224.708,6772786
bunker,PT,1.00,107,27.2829,0.60213,0.010354,209139,234.113,6798732
bunker,PT,1.00,108,27.4315,0.60597,0.010693,209010,216.655,6804850
bunker,PT,1.00,109,27.3103,0.60151,0.010510,207852,217.487,6768212
bunker,PT,1.00,110,27.3143,0.59915,0.010679,209363,205.766,6828958
bunker,PT,1.00,111,27.0016,0.59679,0.010664,207219,241.828,6748008
bunker,PT,1.00,112,27.0457,0.59604,0.010356,208115,188.124,6769602
bunker,PT,1.00,113,27.1422,0.59541,0.010711,207652,161.496,6766402
bunker,PT,1.00,114,27.2635,0.60102,0.009934,208002,172.209,6781907
bunker,PT,1.00,115,27.3280,0.59924,0.010604,208145,190.380,6774713
bunker,PT,1.00,116,27.0916,0.59887,0.010836,209406,187.896,6823281
bunker,PT,1.00,117,26.7924,0.59742,0.010732,207103,175.342,6730877
bunker,PT,1.00,118,27.0056,0.60193,0.010136,208225,191.325,6767076
bunker,PT,1.00,119,27.0263,0.60216,0.010496,208555,214.449,6785409
bunker,PT,1.00,120,27.1614,0.60251,0.010536,208826,258.781,6788854
bunker,PT,1.00,121,27.2612,0.60291,0.010658,208356,225.796,6780943
bunker,PT,1.00,122,27.2586,0.60072,0.010490,209170,187.879,6806743
bunker,PT,1.00,123,27.3682,0.60360,0.010587,208307,211.637,6774959
bunker,PT,1.00,124,27.4640,0.60461,0.010012,208600,228.369,6792322
bunker,PT,1.00,125,27.5424,0.60581,0.010351,208717,196.337,6792900
bunker,PT,1.00,126,27.5217,0.60395,0.010722,207993,195.221,6763008
bunker,PT,1.00,127,27.0593,0.59773,0.011127,208614,192.204,6784423
bunker,PT,1.00,128,27.0075,0.60240,0.010456,207634,256.332,6772191
bunker,PT,1.00,129,27.0980,0.59920,0.010537,208289,235.895,6782028
bunker,PT,1.00,130,27.1626,0.59861,0.010481,209140,312.918,6808640
bunker,PT,1.00,131,27.2688,0.60042,0.010300,207910,356.824,6755812
bunker,PT,1.00,132,27.3240,0.60166,0.010600,208285,194.113,6780984
bunker,PT,1.00,133,27.1850,0.60000,0.010850,208903,183.194,6800707
bunker,PT,1.00,134,27.2536,0.59980,0.010504,207856,172.873,6780558
bunker,PT,1.00,135,27.3393,0.60130,0.010419,208089,182.897,6776383
bunker,PT,1.00,136,27.2335,0.60242,0.010615,208411,179.709,6790484
bunker,PT,1.00,137,27.3837,0.60757,0.009972,208376,182.809,6792979
bunker,PT,1.00,138,27.4816,0.60863,0.010093,207398,161.350,6761360
bunker,PT,1.00,139,27.5345,0.60874,0.010391,207291,159.612,6739921
bunker,PT,1.00,140,27.5783,0.60867,0.010510,208891,192.359,6788950
bunker,PT,1.00,141,27.5271,0.60568,0.011093,207900,157.677,6760149
bunker,PT,1.00,142,27.6494,0.61020,0.010202,208589,164.587,6770474
bunker,PT,1.00,143,27.5440,0.60983,0.010714,208327,165.612,6791139
bunker,PT,1.00,144,27.5975,0.60874,0.010484,208079,166.573,6774039
bunker,PT,1.00,145,27.4177,0.60724,0.010584,207601,189.220,6755077
bunker,PT,1.00,146,27.4644,0.60831,0.010157,207490,167.545,6760695
bunker,PT,1.00,147,27.5417,0.61052,0.010419,207719,210.839,6752199
bunker,PT,1.00,148,27.6364,0.61220,0.010204,207889,184.950,6762575
bunker,PT,1.00,149,27.6652,0.61202,0.010244,208372,186.866,6775675
bunker,DDGI,1.00,0,15.0222,0.29972,0.000000,106753,185.022,2754104
bunker,DDGI,1.00,1,17.0695,0.45560,0.040905,106868,163.987,2778420
bunker,DDGI,1.00,2,18.4312,0.52060,0.021204,106880,181.141,2781498
bunker,DDGI,1.00,3,19.5547,0.56083,0.015963,107161,192.117,2785556
bunker,DDGI,1.00,4,20.3879,0.58625,0.011968,107044,144.775,2776123
bunker,DDGI,1.00,5,21.1039,0.60445,0.009271,106860,179.802,2767782
bunker,DDGI,1.00,6,21.6638,0.61587,0.006751,106687,196.110,2759081
bunker,DDGI,1.00,7,22.1524,0.62587,0.005667,107052,174.165,2774860
bunker,DDGI,1.00,8,22.6085,0.63175,0.005962,106522,150.554,2759636
bunker,DDGI,1.00,9,23.0329,0.63650,0.003923,106279,161.987,2744752
bunker,DDGI,1.00,10,23.3739,0.64030,0.004697,106802,158.694,2773267
bunker,DDGI,1.00,11,23.7628,0.64401,0.004652,107182,144.870,2792097
bunker,DDGI,1.00,12,24.2042,0.64748,0.005659,106967,141.561,2777309
bunker,DDGI,1.00,13,24.6080,0.65098,0.004912,106986,175.242,2776116
bunker,DDGI,1.00,14,25.0301,0.65313,0.004551,107225,156.392,2778987
bunker,DDGI,1.00,15,25.3796,0.65536,0.003701,106743,132.841,2763659
bunker,DDGI,1.00,16,25.6550,0.65760,0.003335,106762,190.655,2765930
bunker,DDGI,1.00,17,25.9392,0.65982,0.003426,106934,165.068,2773442
bunker,DDGI,1.00,18,26.1334,0.66117,0.002799,106459,156.676,2754227
bunker,DDGI,1.00,19,26.3650,0.66197,0.002788,106452,162.021,2756496
bunker,DDGI,1.00,20,26.6364,0.66258,0.003395,107106,127.610,2786297
bunker,DDGI,1.00,21,26.8274,0.66442,0.003088,107248,165.907,2793223
bunker,DDGI,1.00,22,27.0849,0.66553,0.003108,106917,156.619,2769552
bunker,DDGI,1.00,23,27.2933,0.66632,0.003092,106699,167.005,2759226
bunker,DDGI,1.00,24,27.5624,0.66783,0.003005,107170,169.232,2777476
bunker,DDGI,1.00,25,27.8814,0.66924,0.003303,107011,133.417,2774843
bunker,DDGI,1.00,26,27.9413,0.66933,0.002272,106731,162.571,2769340
bunker,DDGI,1.00,27,28.0976,0.67003,0.002487,106550,166.173,2756248
bunker,DDGI,1.00,28,28.2100,0.67025,0.001778,106630,143.501,2758041
bunker,DDGI,1.00,29,28.3803,0.67067,0.003062,106879,174.875,2775018
bunker,DDGI,1.00,30,28.5067,0.66991,0.002896,106867,165.765,2779018
bunker,DDGI,1.00,31,28.6829,0.67037,0.003411,107280,140.767,2786049
bunker,DDGI,1.00,32,28.7526,0.67112,0.001808,106977,146.417,2774764
bunker,DDGI,1.00,33,28.8157,0.67133,0.002767,106748,150.075,2763651
bunker,DDGI,1.00,34,28.9738,0.67162,0.002347,107018,167.202,2772586
bunker,DDGI,1.00,35,28.8646,0.67148,0.002828,106985,172.946,2782654
bunker,DDGI,1.00,36,28.9789,0.67208,0.002205,106347,152.526,2752826
bunker,DDGI,1.00,37,29.0446,0.67222,0.001757,106302,148.361,2744579
bunker,DDGI,1.00,38,29.1102,0.67215,0.003036,106985,165.265,2780624
bunker,DDGI,1.00,39,29.1117,0.67259,0.002145,106982,176.515,2779478
bunker,DDGI,1.00,40,29.0797,0.67214,0.002206,106924,162.081,2778547
bunker,DDGI,1.00,41,29.0956,0.67230,0.002258,107224,144.430,2783861
bunker,DDGI,1.00,42,29.1540,0.67222,0.002188,107002,158.724,2774819
bunker,DDGI,1.00,43,29.1375,0.67179,0.001740,106930,166.768,2768642
bunker,DDGI,1.00,44,29.2382,0.67280,0.002089,106909,147.401,2771120
bunker,DDGI,1.00,45,29.2443,0.67259,0.002355,106628,174.932,2762436
bunker,DDGI,1.00,46,29.2802,0.67348,0.001524,106374,166.637,2750058
bunker,DDGI,1.00,47,29.2690,0.67429,0.002198,106669,152.041,2767545
bunker,DDGI,1.00,48,29.3162,0.67338,0.002518,107219,151.219,2786816
bunker,DDGI,1.00,49,29.2610,0.67271,0.001808,107026,165.502,2782471
bunker,DDGI,1.00,50,29.2887,0.67248,0.001605,106932,163.832,2773487
bunker,DDGI,1.00,51,29.2873,0.67311,0.001872,107066,177.414,2772185
bunker,DDGI,1.00,52,29.2817,0.67266,0.001697,106985,178.821,2774545
bunker,DDGI,1.00,53,29.2526,0.67192,0.001282,106844,145.103,2769030
bunker,DDGI,1.00,54,29.2248,0.67230,0.001883,106652,162.567,2766711
bunker,DDGI,1.00,55,29.1338,0.67136,0.002287,106561,179.726,2756466
bunker,DDGI,1.00,56,29.1914,0.67203,0.001545,106564,172.815,2756333
bunker,DDGI,1.00,57,29.1342,0.67158,0.001867,106804,126.945,2775555
bunker,DDGI,1.00,58,29.1619,0.67126,0.002095,107039,116.034,2783774
bunker,DDGI,1.00,59,29.1190,0.67062,0.002249,107213,179.658,2787644
bunker,DDGI,1.00,60,29.0791,0.67100,0.001646,106865,157.431,2769348
bunker,DDGI,1.00,61,29.0874,0.67095,0.001792,106689,120.731,2758718
bunker,DDGI,1.00,62,29.0519,0.67066,0.001569,107200,124.632,2780693
bunker,DDGI,1.00,63,29.0335,0.67026,0.002231,106876,139.971,2773538
bunker,DDGI,1.00,64,29.0066,0.67013,0.001396,106383,115.644,2758324
bunker,DDGI,1.00,65,28.9366,0.66923,0.001678,106671,104.039,2757299
bunker,DDGI,1.00,66,28.9483,0.66888,0.002222,106948,142.755,2780173
bunker,DDGI,1.00,67,28.8492,0.66856,0.001828,106944,135.165,2777721
bunker,DDGI,1.00,68,29.0023,0.66979,0.001891,106924,134.165,2773910
bunker,DDGI,1.00,69,28.8900,0.66971,0.002193,107136,122.835,2779128
bunker,DDGI,1.00,70,28.8762,0.66947,0.001873,106723,106.878,2763140
bunker,DDGI,1.00,71,28.8907,0.66908,0.002120,106795,169.655,2766216
bunker,DDGI,1.00,72,28.8686,0.67002,0.002060,107021,113.426,2773605
bunker,DDGI,1.00,73,28.9074,0.67043,0.001902,106457,135.396,2757337
bunker,DDGI,1.00,74,28.7372,0.66965,0.001979,106331,136.861,2747125
bunker,DDGI,1.00,75,26.2439,0.71243,0.014955,107291,147.905,2835927
bunker,DDGI,1.00,76,27.1838,0.71638,0.007230,107435,95.453,2842727
bunker,DDGI,1.00,77,27.9326,0.71615,0.006640,107314,110.751,2843080
bunker,DDGI,1.00,78,28.3093,0.71701,0.004518,107144,135.476,2823464
bunker,DDGI,1.00,79,27.0669,0.70709,0.007178,107440,142.733,2829910
bunker,DDGI,1.00,80,27.1687,0.70333,0.005755,107322,109.449,2824094
bunker,DDGI,1.00,81,27.3634,0.70487,0.003974,107275,117.490,2821719
bunker,DDGI,1.00,82,27.5281,0.70445,0.003955,107123,97.939,2816834
bunker,DDGI,1.00,83,28.0488,0.70664,0.003464,106965,102.367,2813979
bunker,DDGI,1.00,84,28.1840,0.70891,0.003273,106995,179.207,2816760
bunker,DDGI,1.00,85,28.4837,0.70961,0.003945,107137,151.468,2831257
bunker,DDGI,1.00,86,28.3888,0.70968,0.004423,107667,102.315,2848797
bunker,DDGI,1.00,87,28.7239,0.71324,0.004214,107462,106.867,2835935
bunker,DDGI,1.00,88,28.8524,0.71493,0.003190,107167,103.869,2821595
bunker,DDGI,1.00,89,28.7606,0.71382,0.003181,107350,106.514,2821316
bunker,DDGI,1.00,90,28.8521,0.71545,0.003192,107267,104.114,2816845
bunker,DDGI,1.00,91,28.8749,0.71647,0.003085,106961,99.362,2811143
bunker,DDGI,1.00,92,28.8269,0.71667,0.002401,106717,133.887,2804962
bunker,DDGI,1.00,93,28.2764,0.71530,0.003313,107106,108.963,2816466
bunker,DDGI,1.00,94,28.3894,0.71541,0.004031,107336,91.907,2838827
bunker,DDGI,1.00,95,28.5430,0.71681,0.003176,107221,108.577,2839016
bunker,DDGI,1.00,96,28.6679,0.71793,0.003363,107608,115.601,2841513
bunker,DDGI,1.00,97,28.5980,0.71714,0.002834,107420,119.567,2834911
bunker,DDGI,1.00,98,28.7024,0.71827,0.002385,107178,123.825,2816316
bunker,DDGI,1.00,99,28.6955,0.71869,0.002337,107240,91.926,2820717
bunker,DDGI,1.00,100,28.6624,0.71916,0.002335,107350,118.424,2821557
bunker,DDGI,1.00,101,28.8224,0.72006,0.002250,106815,110.048,2807238
bunker,DDGI,1.00,102,28.7359,0.71992,0.002294,106768,100.045,2805127
bunker,DDGI,1.00,103,28.6293,0.72032,0.002774,107382,139.312,2837004
bunker,DDGI,1.00,104,28.7257,0.72084,0.002520,107326,131.146,2840321
bunker,DDGI,1.00,105,28.6566,0.72110,0.002150,107329,141.014,2838574
bunker,DDGI,1.00,106,28.4763,0.71961,0.002688,107384,97.185,2830300
bunker,DDGI,1.00,107,28.5366,0.71956,0.002836,107486,137.130,2833948
bunker,DDGI,1.00,108,28.5127,0.71947,0.002562,107171,92.503,2814081
bunker,DDGI,1.00,109,28.6146,0.72068,0.002098,106993,90.684,2810822
bunker,DDGI,1.00,110,28.2587,0.71645,0.003588,107285,99.854,2822285
bunker,DDGI,1.00,111,28.2208,0.71626,0.003296,106813,96.315,2807661
bunker,DDGI,1.00,112,28.3051,0.71892,0.002441,107110,145.565,2820139
bunker,DDGI,1.00,113,27.9111,0.71538,0.003461,107422,133.759,2842310
bunker,DDGI,1.00,114,27.9085,0.71530,0.003303,107593,108.487,2849921
bunker,DDGI,1.00,115,27.7255,0.71607,0.003228,107316,128.967,2831280
bunker,DDGI,1.00,116,27.8978,0.71629,0.002585,107157,123.343,2819719
bunker,DDGI,1.00,117,28.1330,0.71886,0.002601,107511,91.361,2830471
bunker,DDGI,1.00,118,28.1658,0.71916,0.002225,107232,124.175,2814109
bunker,DDGI,1.00,119,28.1923,0.71917,0.002035,107008,114.369,2812696
bunker,DDGI,1.00,120,28.1102,0.71858,0.001955,106957,120.044,2814382
bunker,DDGI,1.00,121,28.1709,0.71859,0.002590,107023,113.903,2816949
bunker,DDGI,1.00,122,28.2025,0.71914,0.002428,107307,96.518,2835891
bunker,DDGI,1.00,123,28.1229,0.71962,0.002845,107421,114.231,2850979
bunker,DDGI,1.00,124,28.1227,0.71921,0.002393,107616,111.651,2845882
bunker,DDGI,1.00,125,28.2632,0.71996,0.002777,107290,110.021,2828038
bunker,DDGI,1.00,126,28.0764,0.71836,0.003048,107024,121.244,2811928
bunker,DDGI,1.00,127,28.0051,0.71764,0.002897,107525,167.900,2827906
bunker,DDGI,1.00,128,27.9382,0.71763,0.003495,107150,116.440,2812785
bunker,DDGI,1.00,129,28.0369,0.71873,0.002096,106850,108.820,2807386
bunker,DDGI,1.00,130,27.7716,0.71822,0.002752,106945,144.546,2811500
bunker,DDGI,1.00,131,27.7386,0.71584,0.003750,107304,125.573,2835110
bunker,DDGI,1.00,132,27.9462,0.71770,0.002741,107265,106.060,2836244
bunker,DDGI,1.00,133,27.9910,0.71804,0.002734,107269,103.223,2833847
bunker,DDGI,1.00,134,28.1341,0.71874,0.002041,107581,146.378,2839147
bunker,DDGI,1.00,135,28.1504,0.71779,0.002587,107407,115.197,2827944
bunker,DDGI,1.00,136,28.2132,0.71958,0.002672,107070,99.827,2808977
bunker,DDGI,1.00,137,28.3329,0.72067,0.002454,107298,165.972,2818591
bunker,DDGI,1.00,138,28.1294,0.72009,0.002336,106979,140.080,2818632
bunker,DDGI,1.00,139,28.2206,0.72052,0.001998,106826,140.326,2808529
bunker,DDGI,1.00,140,28.2389,0.72048,0.002411,107052,105.010,2824980
bunker,DDGI,1.00,141,26.5025,0.70646,0.006361,107582,134.584,2842068
bunker,DDGI,1.00,142,26.2527,0.70598,0.003487,107472,120.113,2845155
bunker,DDGI,1.00,143,25.9840,0.70352,0.002697,107148,122.028,2825142
bunker,DDGI,1.00,144,25.7654,0.70399,0.002984,107473,125.957,2831505
bunker,DDGI,1.00,145,25.9375,0.70499,0.003315,107334,101.665,2821412
bunker,DDGI,1.00,146,26.2457,0.70845,0.002993,107136,103.290,2814865
bunker,DDGI,1.00,147,26.3842,0.71032,0.002879,106948,130.089,2814783
bunker,DDGI,1.00,148,26.4132,0.71045,0.002143,106876,101.287,2805796
bunker,DDGI,1.00,149,26.6732,0.71302,0.002329,107007,120.167,2816531
bunker,FCGI,1.00,0,13.9924,0.13246,0.000000,105827,109.112,3324920
bunker,FCGI,1.00,1,18.8478,0.40503,0.087108,105654,129.251,3332010
bunker,FCGI,1.00,2,21.1313,0.49853,0.028003,105799,113.552,3330903
bunker,FCGI,1.00,3,22.5330,0.54562,0.015392,105810,75.106,3333092
bunker,FCGI,1.00,4,23.4880,0.57166,0.010178,105896,96.210,3331649
bunker,FCGI,1.00,5,24.2262,0.59048,0.007749,105800,84.386,3337240
bunker,FCGI,1.00,6,24.8309,0.60473,0.006196,105758,94.585,3327742
bunker,FCGI,1.00,7,25.3259,0.61464,0.005249,105787,97.844,3330168
bunker,FCGI,1.00,8,25.7450,0.62292,0.004438,105568,74.224,3327922
bunker,FCGI,1.00,9,26.0829,0.63039,0.003737,105978,81.626,3338460
bunker,FCGI,1.00,10,26.3903,0.63598,0.003328,105775,67.624,3328852
bunker,FCGI,1.00,11,26.6318,0.64105,0.002829,105730,97.877,3326806
bunker,FCGI,1.00,12,26.9007,0.64540,0.002983,105651,95.776,3331728
bunker,FCGI,1.00,13,27.1625,0.64939,0.002706,105560,94.481,3324400
bunker,FCGI,1.00,14,27.4205,0.65253,0.002901,105784,106.191,3326670
bunker,FCGI,1.00,15,27.6592,0.65519,0.002729,105989,82.029,3338589
bunker,FCGI,1.00,16,27.8562,0.65759,0.002524,105598,95.171,3324587
bunker,FCGI,1.00,17,28.0882,0.65938,0.002719,105657,81.374,3331820
bunker,FCGI,1.00,18,28.2870,0.66134,0.002495,105703,89.985,3334300
bunker,FCGI,1.00,19,28.4990,0.66263,0.002744,105802,88.000,3334416
bunker,FCGI,1.00,20,28.7132,0.66422,0.002661,105687,90.384,3332150
bunker,FCGI,1.00,21,28.9402,0.66554,0.002725,105721,77.479,3331571
bunker,FCGI,1.00,22,29.1607,0.66700,0.002666,105697,78.444,3332327
bunker,FCGI,1.00,23,29.3484,0.66827,0.002543,105444,71.539,3321390
bunker,FCGI,1.00,24,29.5326,0.66924,0.002662,105693,103.874,3330614
bunker,FCGI,1.00,25,29.6947,0.66983,0.002532,105691,75.165,3332286
bunker,FCGI,1.00,26,29.8638,0.67059,0.002483,105804,83.068,3336133
bunker,FCGI,1.00,27,30.0010,0.67115,0.002394,105482,91.645,3319939
bunker,FCGI,1.00,28,30.1112,0.67093,0.002431,105559,76.112,3329416
bunker,FCGI,1.00,29,30.2419,0.67150,0.002393,105831,116.687,3333409
bunker,FCGI,1.00,30,30.3414,0.67261,0.002322,105590,84.128,3329549
bunker,FCGI,1.00,31,30.4247,0.67385,0.002235,105609,99.687,3327628
bunker,FCGI,1.00,32,30.5273,0.67534,0.002338,105504,101.873,3332037
bunker,FCGI,1.00,33,30.5767,0.67456,0.002387,105644,97.805,3331470
bunker,FCGI,1.00,34,30.6262,0.67473,0.002204,105703,89.504,3332644
bunker,FCGI,1.00,35,30.6770,0.67476,0.002230,105776,89.765,3332633
bunker,FCGI,1.00,36,30.7133,0.67460,0.002357,105928,89.754,3335211
bunker,FCGI,1.00,37,30.7658,0.67531,0.002401,105357,65.483,3320251
bunker,FCGI,1.00,38,30.8106,0.67532,0.002361,105669,91.350,3333735
bunker,FCGI,1.00,39,30.8539,0.67634,0.002175,105919,85.413,3327593
bunker,FCGI,1.00,40,30.8709,0.67668,0.002279,105543,71.160,3314313
bunker,FCGI,1.00,41,30.8854,0.67733,0.002264,105956,77.386,3333403
bunker,FCGI,1.00,42,30.8954,0.67583,0.002294,105624,89.106,3329562
bunker,FCGI,1.00,43,30.9294,0.67618,0.002282,105751,94.264,3326317
bunker,FCGI,1.00,44,30.9608,0.67667,0.002316,105855,81.286,3332902
bunker,FCGI,1.00,45,30.9757,0.67671,0.002293,105852,93.272,3333586
bunker,FCGI,1.00,46,30.9759,0.67634,0.002438,105628,67.702,3326697
bunker,FCGI,1.00,47,30.9766,0.67568,0.002228,105741,127.145,3334168
bunker,FCGI,1.00,48,31.0037,0.67628,0.002397,105784,97.492,3323989
bunker,FCGI,1.00,49,30.9889,0.67604,0.002324,105964,79.495,3337765
bunker,FCGI,1.00,50,31.0120,0.67579,0.002314,105851,83.243,3336387
bunker,FCGI,1.00,51,31.0095,0.67530,0.002262,105686,113.566,3325434
bunker,FCGI,1.00,52,31.0368,0.67559,0.002279,105617,84.809,3328499
bunker,FCGI,1.00,53,31.0557,0.67615,0.002234,105728,78.180,3338309
bunker,FCGI,1.00,54,31.0670,0.67609,0.002220,105965,71.485,3337011
bunker,FCGI,1.00,55,31.0655,0.67609,0.002255,105621,62.209,3318594
bunker,FCGI,1.00,56,31.0683,0.67620,0.002301,105590,73.178,3334176
bunker,FCGI,1.00,57,31.0888,0.67616,0.002295,105662,104.418,3337425
bunker,FCGI,1.00,58,31.1113,0.67656,0.002220,105826,80.719,3329174
bunker,FCGI,1.00,59,31.0979,0.67648,0.002228,105840,98.445,3331318
bunker,FCGI,1.00,60,31.0951,0.67654,0.002339,106041,222.165,3338292
bunker,FCGI,1.00,61,31.1027,0.67658,0.002342,105927,119.822,3334014
bunker,FCGI,1.00,62,31.1178,0.67701,0.002269,105677,98.193,3331025
bunker,FCGI,1.00,63,31.1025,0.67649,0.002380,105797,85.472,3324610
bunker,FCGI,1.00,64,31.0906,0.67631,0.002390,105794,69.955,3333326
bunker,FCGI,1.00,65,31.0881,0.67626,0.002321,105785,110.372,3326038
bunker,FCGI,1.00,66,31.0964,0.67613,0.002263,105801,88.287,3331304
bunker,FCGI,1.00,67,31.0999,0.67621,0.002249,105767,76.315,3331497
bunker,FCGI,1.00,68,31.0963,0.67670,0.002310,105970,103.463,3339534
bunker,FCGI,1.00,69,31.1303,0.67742,0.002250,105736,90.289,3325362
bunker,FCGI,1.00,70,31.1254,0.67715,0.002252,105791,89.499,3320515
bunker,FCGI,1.00,71,31.1257,0.67705,0.002265,105754,86.665,3333408
bunker,FCGI,1.00,72,31.1369,0.67759,0.002387,105689,76.711,3327168
bunker,FCGI,1.00,73,31.1273,0.67751,0.002359,106027,80.702,3337128
bunker,FCGI,1.00,74,31.0815,0.67744,0.002273,105535,85.476,3326162
bunker,FCGI,1.00,75,25.1701,0.70237,0.011576,106269,167.720,3399384
bunker,FCGI,1.00,76,25.7265,0.70431,0.005033,106352,127.028,3393522
bunker,FCGI,1.00,77,26.2316,0.70783,0.004158,106594,122.569,3386493
bunker,FCGI,1.00,78,26.6488,0.70938,0.003683,106460,118.776,3392799
bunker,FCGI,1.00,79,27.0305,0.71144,0.003364,106610,101.952,3399716
bunker,FCGI,1.00,80,27.3460,0.71286,0.003061,106621,85.693,3400024
bunker,FCGI,1.00,81,27.6716,0.71524,0.002939,106218,121.115,3403119
bunker,FCGI,1.00,82,27.9580,0.71736,0.002609,106160,115.189,3384526
bunker,FCGI,1.00,83,28.2615,0.71870,0.002716,105906,175.316,3373295
bunker,FCGI,1.00,84,28.4971,0.71962,0.002382,106084,131.573,3379518
bunker,FCGI,1.00,85,28.6971,0.71973,0.002328,106013,171.116,3386403
bunker,FCGI,1.00,86,28.8983,0.71969,0.002375,105828,264.101,3379189
bunker,FCGI,1.00,87,29.1064,0.71995,0.002267,106068,157.277,3376610
bunker,FCGI,1.00,88,29.3162,0.72109,0.002291,106120,111.302,3378554
bunker,FCGI,1.00,89,29.5029,0.72221,0.002209,106403,143.710,3386357
bunker,FCGI,1.00,90,29.6714,0.72261,0.002013,106590,89.607,3397588
bunker,FCGI,1.00,91,29.8395,0.72327,0.002067,106640,75.996,3386739
bunker,FCGI,1.00,92,29.9956,0.72357,0.002092,106999,68.254,3415432
bunker,FCGI,1.00,93,30.1544,0.72411,0.002211,106654,93.459,3404605
bunker,FCGI,1.00,94,30.3227,0.72429,0.002265,106152,118.495,3396392
bunker,FCGI,1.00,95,30.4503,0.72475,0.002086,106106,105.737,3383386
bunker,FCGI,1.00,96,30.5749,0.72524,0.002220,105794,90.305,3370127
bunker,FCGI,1.00,97,30.6752,0.72582,0.001991,106158,81.252,3389951
bunker,FCGI,1.00,98,30.7691,0.72627,0.002052,106158,77.885,3390683
bunker,FCGI,1.00,99,30.0397,0.72341,0.002522,106128,69.438,3386789
bunker,FCGI,1.00,100,30.1505,0.72382,0.002031,105838,115.559,3373922
bunker,FCGI,1.00,101,30.2499,0.72427,0.002003,106126,94.330,3384844
bunker,FCGI,1.00,102,30.3346,0.72421,0.001942,106242,123.261,3389989
bunker,FCGI,1.00,103,30.4274,0.72448,0.001933,106517,104.623,3386871
bunker,FCGI,1.00,104,30.4529,0.72392,0.002009,106536,118.192,3391317
bunker,FCGI,1.00,105,30.5239,0.72369,0.002093,106554,136.695,3392150
bunker,FCGI,1.00,106,30.6118,0.72411,0.002145,106601,115.444,3402620
bunker,FCGI,1.00,107,30.6686,0.72396,0.002128,106103,115.218,3387445
bunker,FCGI,1.00,108,30.7394,0.72475,0.001974,105954,96.162,3378560
bunker,FCGI,1.00,109,30.8027,0.72553,0.002024,105751,112.614,3379285
bunker,FCGI,1.00,110,30.8622,0.72536,0.002050,105752,113.522,3382583
bunker,FCGI,1.00,111,30.9261,0.72606,0.002027,106173,89.528,3387780
bunker,FCGI,1.00,112,30.9653,0.72600,0.002031,106007,112.943,3382112
bunker,FCGI,1.00,113,31.0026,0.72553,0.002056,106109,111.628,3378759
bunker,FCGI,1.00,114,31.0331,0.72530,0.002000,106339,104.125,3396338
bunker,FCGI,1.00,115,31.0738,0.72518,0.001918,106183,74.512,3383681
bunker,FCGI,1.00,116,31.0898,0.72563,0.001741,106617,71.758,3384731
bunker,FCGI,1.00,117,31.1288,0.72576,0.001971,106711,91.969,3398621
bunker,FCGI,1.00,118,31.1785,0.72581,0.001864,106716,90.797,3387383
bunker,FCGI,1.00,119,31.2013,0.72615,0.002035,106567,91.045,3398510
bunker,FCGI,1.00,120,31.1756,0.72534,0.002038,105964,83.874,3376384
bunker,FCGI,1.00,121,31.1842,0.72511,0.002062,106161,86.344,3382081
bunker,FCGI,1.00,122,31.2099,0.72495,0.001990,106127,83.191,3380535
bunker,FCGI,1.00,123,31.2316,0.72504,0.001978,105945,98.542,3376840
bunker,FCGI,1.00,124,31.2625,0.72500,0.001938,106062,92.420,3384666
bunker,FCGI,1.00,125,31.2761,0.72472,0.002077,105823,98.502,3370701
bunker,FCGI,1.00,126,31.2964,0.72507,0.002089,106166,105.077,3390974
bunker,FCGI,1.00,127,31.3080,0.72453,0.001959,106193,107.144,3380417
bunker,FCGI,1.00,128,31.2772,0.72406,0.001965,106474,94.105,3392258
bunker,FCGI,1.00,129,31.2785,0.72370,0.001800,106685,107.373,3395522
bunker,FCGI,1.00,130,31.2915,0.72395,0.001910,106580,126.250,3389734
bunker,FCGI,1.00,131,31.3118,0.72426,0.002047,106839,93.877,3401330
bunker,FCGI,1.00,132,31.3286,0.72434,0.002097,106692,94.864,3406580
bunker,FCGI,1.00,133,31.3439,0.72421,0.002014,105897,78.780,3370051
bunker,FCGI,1.00,134,31.3357,0.72384,0.002072,106006,84.369,3381247
bunker,FCGI,1.00,135,31.3535,0.72415,0.001980,105936,89.183,3380387
bunker,FCGI,1.00,136,31.3451,0.72447,0.002017,106121,76.303,3386238
bunker,FCGI,1.00,137,31.3799,0.72506,0.001994,105905,94.668,3383736
bunker,FCGI,1.00,138,31.3875,0.72518,0.001981,106100,105.639,3386309
bunker,FCGI,1.00,139,31.4084,0.72537,0.001972,106061,100.077,3385090
bunker,FCGI,1.00,140,31.4176,0.72580,0.001943,106258,81.657,3381499
bunker,FCGI,1.00,141,31.4359,0.72616,0.001845,106259,69.740,3392598
bunker,FCGI,1.00,142,31.4596,0.72691,0.001757,106729,65.526,3384567
bunker,FCGI,1.00,143,31.4865,0.72780,0.001938,106574,84.158,3397383
bunker,FCGI,1.00,144,31.5066,0.72845,0.001954,106565,109.734,3397881
bunker,FCGI,1.00,145,31.5024,0.72835,0.002020,106227,103.152,3392706
bunker,FCGI,1.00,146,31.5030,0.72857,0.002013,106061,86.912,3394680
bunker,FCGI,1.00,147,31.5134,0.72884,0.002037,106184,79.892,3374950
bunker,FCGI,1.00,148,31.4848,0.72869,0.002047,105813,95.062,3374334
bunker,FCGI,1.00,149,31.4929,0.72884,0.002047,105974,70.415,3385666
bunker,GFC,1.00,0,19.7438,0.51532,0.000000,96934,103.951,3009640
bunker,GFC,1.00,1,21.2500,0.58855,0.021769,94880,107.013,2905314
bunker,GFC,1.00,2,22.1529,0.61692,0.011383,95447,106.588,2963057
bunker,GFC,1.00,3,22.8206,0.63207,0.007769,95838,107.173,2979627
bunker,GFC,1.00,4,23.3171,0.64319,0.005508,95421,119.407,2918862
bunker,GFC,1.00,5,23.7763,0.65143,0.004710,95515,101.453,2932034
bunker,GFC,1.00,6,24.1370,0.65726,0.003843,97102,126.754,3011870
bunker,GFC,1.00,7,24.3917,0.66103,0.002906,97944,105.336,3052840
bunker,GFC,1.00,8,24.7057,0.66471,0.003107,95712,94.538,2941807
bunker,GFC,1.00,9,25.9712,0.66945,0.010166,95579,105.711,2959890
bunker,GFC,1.00,10,26.9999,0.67200,0.008678,95422,88.747,2962091
bunker,GFC,1.00,11,27.8921,0.67392,0.007736,95108,115.345,2912153
bunker,GFC,1.00,12,28.5654,0.67565,0.006643,95382,123.051,2921105
bunker,GFC,1.00,13,28.9798,0.67733,0.005902,96569,117.634,2985773
bunker,GFC,1.00,14,29.0378,0.67449,0.006204,97791,120.222,3039610
bunker,GFC,1.00,15,29.1555,0.67572,0.004492,95415,121.951,2931896
bunker,GFC,1.00,16,29.1154,0.67602,0.004686,96024,99.187,2965244
bunker,GFC,1.00,17,29.0507,0.67651,0.004828,95954,113.498,2994226
bunker,GFC,1.00,18,28.9849,0.67725,0.004299,95920,106.118,2956114
bunker,GFC,1.00,19,28.8736,0.67787,0.004114,95091,112.445,2909013
bunker,GFC,1.00,20,28.7728,0.67722,0.003931,95643,107.858,2949250
bunker,GFC,1.00,21,28.5992,0.67706,0.004242,97476,128.101,3035523
bunker,GFC,1.00,22,28.3977,0.67774,0.004187,95958,148.569,2957934
bunker,GFC,1.00,23,28.1945,0.67540,0.004214,95543,130.902,2949707
bunker,GFC,1.00,24,28.0569,0.67460,0.003873,95823,135.386,2985472
bunker,GFC,1.00,25,27.8228,0.67042,0.004017,95806,127.699,2946094
bunker,GFC,1.00,26,27.6734,0.66968,0.003709,95754,136.283,2930265
bunker,GFC,1.00,27,27.6131,0.66989,0.003570,96087,122.230,2949774
bunker,GFC,1.00,28,27.4734,0.67024,0.003972,97699,247.392,3045321
bunker,GFC,1.00,29,27.4221,0.67051,0.003717,95832,140.370,2951666
bunker,GFC,1.00,30,27.4126,0.67044,0.003738,95246,112.537,2932784
bunker,GFC,1.00,31,27.3041,0.67005,0.003858,95613,117.921,2974571
bunker,GFC,1.00,32,27.1866,0.66748,0.004136,95768,120.278,2961346
bunker,GFC,1.00,33,27.1748,0.66735,0.003899,95415,111.966,2923790
bunker,GFC,1.00,34,27.0606,0.66654,0.003977,95360,116.178,2922404
bunker,GFC,1.00,35,27.0022,0.66522,0.003953,97995,168.640,3050141
bunker,GFC,1.00,36,27.0650,0.66585,0.003691,97069,139.568,3010648
bunker,GFC,1.00,37,27.0760,0.66518,0.003626,95679,150.368,2932437
bunker,GFC,1.00,38,27.0731,0.66638,0.004004,95300,178.926,2958082
bunker,GFC,1.00,39,27.1529,0.66835,0.003533,95378,170.529,2961108
bunker,GFC,1.00,40,27.0942,0.66791,0.003623,95207,231.735,2915318
bunker,GFC,1.00,41,27.1478,0.66825,0.003719,95468,114.570,2929768
bunker,GFC,1.00,42,27.0781,0.66864,0.003486,97344,128.256,3028884
bunker,GFC,1.00,43,27.0802,0.66980,0.003543,97228,113.202,3021987
bunker,GFC,1.00,44,26.9436,0.66913,0.003822,95540,150.170,2921480
bunker,GFC,1.00,45,26.9309,0.67028,0.003543,96026,129.954,2978088
bunker,GFC,1.00,46,26.9347,0.67035,0.003574,96105,111.394,3000261
bunker,GFC,1.00,47,26.9526,0.66951,0.003577,95295,116.411,2904640
bunker,GFC,1.00,48,26.9209,0.66865,0.003710,95072,126.346,2920719
bunker,GFC,1.00,49,26.8984,0.66913,0.003366,96731,130.477,2997770
bunker,GFC,1.00,50,26.9440,0.66978,0.003281,97334,159.666,3040283
bunker,GFC,1.00,51,26.9179,0.67020,0.003520,95396,107.460,2925328
bunker,GFC,1.00,52,26.8961,0.67158,0.003598,95632,131.602,2963268
bunker,GFC,1.00,53,26.7802,0.67120,0.003825,95742,105.476,2981023
bunker,GFC,1.00,54,26.8587,0.67176,0.003334,95788,140.942,2930790
bunker,GFC,1.00,55,26.9115,0.67209,0.003336,95773,111.695,2937176
bunker,GFC,1.00,56,26.9769,0.67219,0.003410,96882,124.695,3002481
bunker,GFC,1.00,57,26.9356,0.67168,0.003579,97421,201.413,3035311
bunker,GFC,1.00,58,26.9807,0.67305,0.003574,94914,135.065,2905471
bunker,GFC,1.00,59,26.8724,0.67284,0.003468,95424,142.192,2951799
bunker,GFC,1.00,60,26.8378,0.67209,0.003531,95909,129.670,2979686
bunker,GFC,1.00,61,26.8314,0.67207,0.003302,95486,123.722,2933341
bunker,GFC,1.00,62,26.7747,0.67197,0.003355,95535,102.237,2926800
bunker,GFC,1.00,63,26.7788,0.67158,0.003299,96399,105.187,2975980
bunker,GFC,1.00,64,26.7417,0.67081,0.003508,98096,113.180,3052310
bunker,GFC,1.00,65,26.6365,0.67048,0.003401,96154,98.672,2963141
bunker,GFC,1.00,66,26.7497,0.67135,0.003397,95455,117.308,2942555
bunker,GFC,1.00,67,26.7569,0.67240,0.003372,95367,107.750,2972342
bunker,GFC,1.00,68,26.7376,0.67211,0.003469,95359,105.741,2939451
bunker,GFC,1.00,69,26.7651,0.67276,0.003298,95294,87.755,2917996
bunker,GFC,1.00,70,26.8072,0.67313,0.003320,95843,139.030,2946267
bunker,GFC,1.00,71,26.7695,0.67252,0.003425,97793,124.471,3053884
bunker,GFC,1.00,72,26.7359,0.67206,0.003286,96102,119.211,2963784
bunker,GFC,1.00,73,26.8556,0.67281,0.003219,95945,170.739,2955350
bunker,GFC,1.00,74,26.8365,0.67291,0.003398,95999,158.669,2991751
bunker,GFC,1.00,75,26.0649,0.71289,0.010874,96088,143.202,2963302
bunker,GFC,1.00,76,26.2128,0.71361,0.003451,96061,163.589,2978722
bunker,GFC,1.00,77,26.3499,0.71395,0.003546,98005,135.656,3075724
bunker,GFC,1.00,78,26.4758,0.71458,0.003484,97949,108.888,3079366
bunker,GFC,1.00,79,26.6331,0.71463,0.003572,96023,119.910,2980957
bunker,GFC,1.00,80,26.7584,0.71595,0.003504,96222,120.999,3023831
bunker,GFC,1.00,81,26.8724,0.71578,0.003678,96136,141.203,3018389
bunker,GFC,1.00,82,27.0125,0.71599,0.003530,96039,123.454,2961453
bunker,GFC,1.00,83,27.0839,0.71667,0.003256,95885,103.858,2972528
bunker,GFC,1.00,84,27.1666,0.71709,0.003377,97640,104.251,3062797
bunker,GFC,1.00,85,27.2184,0.71696,0.003330,97984,155.198,3097005
bunker,GFC,1.00,86,27.2113,0.71673,0.003552,95855,127.854,2972955
bunker,GFC,1.00,87,27.2361,0.71663,0.003549,96372,142.531,3032459
bunker,GFC,1.00,88,27.2594,0.71680,0.003260,96346,148.069,3031685
bunker,GFC,1.00,89,27.3511,0.71742,0.003231,95932,117.239,2956750
bunker,GFC,1.00,90,27.3537,0.71694,0.003377,96071,101.059,2979579
bunker,GFC,1.00,91,27.3301,0.71726,0.003150,97473,112.868,3044783
bunker,GFC,1.00,92,27.3301,0.71661,0.003378,98099,113.791,3099884
bunker,GFC,1.00,93,27.3601,0.71674,0.003403,95983,91.135,2976663
bunker,GFC,1.00,94,27.4219,0.71757,0.003147,96283,143.857,3018915
bunker,GFC,1.00,95,27.4809,0.71806,0.003217,96336,135.722,3028895
bunker,GFC,1.00,96,27.5470,0.71865,0.003103,96030,95.363,2966454
bunker,GFC,1.00,97,27.5943,0.71857,0.003046,95990,111.772,2966453
bunker,GFC,1.00,98,27.6395,0.71959,0.002998,97354,97.916,3040865
bunker,GFC,1.00,99,27.7016,0.72085,0.003289,98534,115.991,3116633
bunker,GFC,1.00,100,27.7674,0.72116,0.003049,96062,94.049,2984018
bunker,GFC,1.00,101,27.9166,0.72245,0.003327,96520,83.891,3018898
bunker,GFC,1.00,102,27.9235,0.72201,0.003319,96446,172.605,3035196
bunker,GFC,1.00,103,27.9473,0.72218,0.003003,96074,130.911,2977091
bunker,GFC,1.00,104,28.0032,0.72209,0.003309,96355,109.718,2978451
bunker,GFC,1.00,105,28.0389,0.72296,0.003161,97034,106.243,3030791
bunker,GFC,1.00,106,28.0698,0.72289,0.003032,98162,108.479,3103697
bunker,GFC,1.00,107,28.0032,0.72207,0.003252,96096,149.709,2988275
bunker,GFC,1.00,108,27.9647,0.72147,0.003198,96198,120.965,3015165
bunker,GFC,1.00,109,27.9841,0.72205,0.003035,96271,130.110,3036345
bunker,GFC,1.00,110,28.0601,0.72247,0.002949,96246,142.924,2982576
bunker,GFC,1.00,111,28.1166,0.72343,0.002887,95945,95.343,2966758
bunker,GFC,1.00,112,28.0976,0.72359,0.003138,96839,101.490,3013926
bunker,GFC,1.00,113,28.1693,0.72352,0.003069,98300,98.312,3102098
bunker,GFC,1.00,114,28.2077,0.72369,0.002963,96303,146.732,2995986
bunker,GFC,1.00,115,28.1485,0.72259,0.003132,96375,128.706,3020844
bunker,GFC,1.00,116,28.1779,0.72293,0.002992,96306,124.817,3032344
bunker,GFC,1.00,117,28.1578,0.72331,0.002861,96180,107.010,2988688
bunker,GFC,1.00,118,28.1702,0.72321,0.002879,96055,111.595,2976348
bunker,GFC,1.00,119,28.2555,0.72347,0.002991,96540,102.852,3001304
bunker,GFC,1.00,120,28.2884,0.72313,0.002984,98414,118.053,3107146
bunker,GFC,1.00,121,28.2475,0.72207,0.003195,96611,162.618,3009247
bunker,GFC,1.00,122,28.3040,0.72199,0.002812,96185,138.129,3007742
bunker,GFC,1.00,123,28.3145,0.72199,0.002976,96312,184.305,3029483
bunker,GFC,1.00,124,28.3445,0.72268,0.002711,96263,139.452,2992962
bunker,GFC,1.00,125,28.3580,0.72225,0.002909,96052,133.207,2972874
bunker,GFC,1.00,126,28.3671,0.72227,0.003058,96497,131.655,2988339
bunker,GFC,1.00,127,28.3992,0.72176,0.002941,98381,139.958,3099930
bunker,GFC,1.00,128,28.4285,0.72245,0.002989,96889,141.779,3024424
bunker,GFC,1.00,129,28.4108,0.72266,0.002818,96362,194.818,3015088
bunker,GFC,1.00,130,28.3367,0.72052,0.003322,96443,175.410,3033538
bunker,GFC,1.00,131,28.3401,0.72037,0.003018,96284,257.417,3001879
bunker,GFC,1.00,132,28.3587,0.72091,0.002993,96004,314.318,2956145
bunker,GFC,1.00,133,28.3800,0.72176,0.002992,95856,139.368,2970176
bunker,GFC,1.00,134,28.3946,0.72197,0.003122,98326,112.160,3104440
bunker,GFC,1.00,135,28.3873,0.72192,0.002975,96931,115.927,3023782
bunker,GFC,1.00,136,28.3141,0.72065,0.003076,96189,134.193,3008211
bunker,GFC,1.00,137,28.2624,0.72083,0.002955,96310,166.713,3035451
bunker,GFC,1.00,138,28.2928,0.72153,0.002898,96247,128.152,3007599
bunker,GFC,1.00,139,28.3273,0.72199,0.002981,95960,159.320,2962781
bunker,GFC,1.00,140,28.3637,0.72277,0.002843,96034,96.596,2976420
bunker,GFC,1.00,141,28.3718,0.72191,0.003332,98243,109.300,3083687
bunker,GFC,1.00,142,28.4137,0.72283,0.002978,97404,102.142,3057199
bunker,GFC,1.00,143,28.5102,0.72325,0.002927,96134,103.644,2991435
bunker,GFC,1.00,144,28.4786,0.72213,0.003022,96202,127.937,3019759
bunker,GFC,1.00,145,28.4752,0.72173,0.003029,96393,105.581,3010131
bunker,GFC,1.00,146,28.5276,0.72220,0.002845,95997,115.394,2956272
bunker,GFC,1.00,147,28.5556,0.72283,0.002905,95917,122.130,2970260
bunker,GFC,1.00,148,28.5683,0.72292,0.002844,98135,126.789,3080272
bunker,GFC,1.00,149,28.5712,0.72301,0.002926,97589,95.437,3069941
bunker,GFCAO,1.00,0,12.6893,0.09188,0.000000,96366,83.183,2407010
bunker,GFCAO,1.00,1,15.9730,0.27776,0.078945,94930,77.136,2328979
bunker,GFCAO,1.00,2,18.0236,0.38344,0.036516,95621,90.219,2385772
bunker,GFCAO,1.00,3,19.2801,0.44083,0.019500,96216,75.223,2412167
bunker,GFCAO,1.00,4,20.3214,0.48936,0.014574,95102,94.663,2324420
bunker,GFCAO,1.00,5,20.9604,0.52133,0.009049,94796,98.255,2326312
bunker,GFCAO,1.00,6,21.4741,0.54440,0.007816,96746,92.341,2423621
bunker,GFCAO,1.00,7,21.8829,0.55800,0.005821,97903,97.032,2472081
bunker,GFCAO,1.00,8,22.3278,0.57142,0.005766,95627,111.969,2356499
bunker,GFCAO,1.00,9,22.7101,0.58332,0.005148,94692,96.208,2346631
bunker,GFCAO,1.00,10,23.0215,0.59299,0.004634,95581,83.889,2401165
bunker,GFCAO,1.00,11,23.2995,0.59907,0.004436,95414,68.547,2337319
bunker,GFCAO,1.00,12,23.6131,0.60750,0.004648,96112,80.022,2366532
bunker,GFCAO,1.00,13,23.9251,0.61242,0.004926,95687,98.364,2368426
bunker,GFCAO,1.00,14,24.1292,0.61545,0.004189,97320,107.160,2453919
bunker,GFCAO,1.00,15,24.3906,0.61952,0.004185,95314,71.916,2348558
bunker,GFCAO,1.00,16,24.5843,0.62373,0.004177,95985,110.517,2384927
bunker,GFCAO,1.00,17,24.7739,0.62693,0.004233,95697,91.349,2402503
bunker,GFCAO,1.00,18,25.0307,0.62952,0.004530,94835,91.164,2330538
bunker,GFCAO,1.00,19,25.2151,0.63138,0.004113,95348,73.914,2350248
bunker,GFCAO,1.00,20,25.3786,0.63381,0.004201,96296,78.685,2384519
bunker,GFCAO,1.00,21,25.5252,0.63423,0.004456,98250,76.509,2485684
bunker,GFCAO,1.00,22,25.6687,0.63610,0.004127,94885,71.899,2333741
bunker,GFCAO,1.00,23,25.8270,0.63743,0.004173,95310,94.237,2364672
bunker,GFCAO,1.00,24,25.9611,0.63902,0.004085,95710,98.118,2393746
bunker,GFCAO,1.00,25,26.1225,0.64031,0.004334,96148,85.289,2382293
bunker,GFCAO,1.00,26,26.2554,0.64247,0.004205,94896,98.609,2324791
bunker,GFCAO,1.00,27,26.3164,0.64176,0.003806,95244,113.085,2345544
bunker,GFCAO,1.00,28,26.4008,0.64387,0.003948,97601,96.785,2467133
bunker,GFCAO,1.00,29,26.4938,0.64576,0.003752,96551,91.093,2391473
bunker,GFCAO,1.00,30,26.5910,0.64744,0.004289,95632,67.657,2366269
bunker,GFCAO,1.00,31,26.7104,0.64897,0.004070,94810,87.420,2363893
bunker,GFCAO,1.00,32,26.8187,0.64893,0.003898,95599,100.437,2372342
bunker,GFCAO,1.00,33,26.9291,0.64939,0.003643,95549,114.781,2338639
bunker,GFCAO,1.00,34,27.0159,0.64916,0.003981,96023,124.146,2376209
bunker,GFCAO,1.00,35,27.1169,0.65130,0.004111,96754,104.643,2425723
bunker,GFCAO,1.00,36,27.1820,0.65140,0.003594,96325,78.463,2414938
bunker,GFCAO,1.00,37,27.2250,0.65203,0.003739,95347,119.895,2347965
bunker,GFCAO,1.00,38,27.3062,0.65238,0.003879,96205,104.081,2402069
bunker,GFCAO,1.00,39,27.3332,0.65297,0.003900,95435,93.181,2377917
bunker,GFCAO,1.00,40,27.4251,0.65286,0.003794,94830,83.191,2320329
bunker,GFCAO,1.00,41,27.5025,0.65226,0.003678,95299,79.431,2346273
bunker,GFCAO,1.00,42,27.5699,0.65242,0.003869,97563,97.683,2446675
bunker,GFCAO,1.00,43,27.6514,0.65400,0.003947,97497,81.017,2455423
bunker,GFCAO,1.00,44,27.7099,0.65412,0.003896,94458,91.703,2310926
bunker,GFCAO,1.00,45,27.7346,0.65318,0.003706,95433,78.664,2386587
bunker,GFCAO,1.00,46,27.7729,0.65383,0.003605,95762,105.941,2395167
bunker,GFCAO,1.00,47,27.8229,0.65506,0.003666,96053,79.654,2359349
bunker,GFCAO,1.00,48,27.8508,0.65490,0.003663,94647,71.553,2326182
bunker,GFCAO,1.00,49,27.8950,0.65597,0.003720,96587,110.915,2415691
bunker,GFCAO,1.00,50,27.9278,0.65698,0.003493,97362,125.026,2456915
bunker,GFCAO,1.00,51,28.0061,0.65690,0.003675,95734,84.768,2349666
bunker,GFCAO,1.00,52,28.0394,0.65769,0.003811,95531,94.974,2382881
bunker,GFCAO,1.00,53,28.0481,0.65776,0.003641,95023,88.159,2372408
bunker,GFCAO,1.00,54,28.0778,0.65881,0.003439,95305,76.471,2343452
bunker,GFCAO,1.00,55,28.1307,0.65882,0.003417,95565,93.530,2335833
bunker,GFCAO,1.00,56,28.1504,0.65756,0.004093,97199,82.225,2427942
bunker,GFCAO,1.00,57,28.1549,0.65888,0.003457,96762,69.432,2434583
bunker,GFCAO,1.00,58,28.1912,0.65846,0.003518,95055,82.552,2336684
bunker,GFCAO,1.00,59,28.2023,0.65815,0.003564,95532,113.470,2369227
bunker,GFCAO,1.00,60,28.1866,0.65781,0.003683,96340,106.805,2419841
bunker,GFCAO,1.00,61,28.2586,0.65807,0.003774,95011,85.640,2331606
bunker,GFCAO,1.00,62,28.2888,0.65854,0.003483,94880,73.450,2328433
bunker,GFCAO,1.00,63,28.3137,0.65829,0.003569,96083,70.487,2389125
bunker,GFCAO,1.00,64,28.3352,0.65875,0.003569,98113,86.729,2464335
bunker,GFCAO,1.00,65,28.3570,0.65873,0.003643,95826,84.339,2373527
bunker,GFCAO,1.00,66,28.3840,0.65885,0.003665,94696,92.819,2340989
bunker,GFCAO,1.00,67,28.3834,0.65810,0.003455,95630,80.720,2397746
bunker,GFCAO,1.00,68,28.4164,0.65919,0.003476,95570,86.714,2355418
bunker,GFCAO,1.00,69,28.4154,0.65896,0.003584,96055,92.975,2368328
bunker,GFCAO,1.00,70,28.4319,0.65834,0.003683,95000,80.195,2335105
bunker,GFCAO,1.00,71,28.4463,0.65804,0.003668,97401,105.299,2460651
bunker,GFCAO,1.00,72,28.4218,0.65686,0.003613,96079,102.809,2378076
bunker,GFCAO,1.00,73,28.4468,0.65745,0.003589,96079,94.866,2386755
bunker,GFCAO,1.00,74,28.4473,0.65786,0.003543,95394,65.085,2382435
bunker,GFCAO,1.00,75,22.2218,0.67254,0.012389,95923,76.492,2373670
bunker,GFCAO,1.00,76,22.3601,0.67593,0.005412,96128,86.199,2397101
bunker,GFCAO,1.00,77,22.5045,0.67699,0.005010,98126,84.386,2506227
bunker,GFCAO,1.00,78,22.6436,0.68144,0.004174,97620,93.962,2495319
bunker,GFCAO,1.00,79,22.7659,0.68181,0.004100,95867,115.294,2407239
bunker,GFCAO,1.00,80,22.8747,0.68280,0.003623,96045,112.079,2444257
bunker,GFCAO,1.00,81,22.9823,0.68552,0.003523,96244,100.393,2449008
bunker,GFCAO,1.00,82,23.0705,0.68748,0.003243,95916,66.035,2386655
bunker,GFCAO,1.00,83,23.1398,0.68695,0.003238,96286,110.297,2397659
bunker,GFCAO,1.00,84,23.2195,0.68718,0.003721,97923,94.529,2489619
bunker,GFCAO,1.00,85,23.3191,0.68844,0.003203,97499,94.585,2502511
bunker,GFCAO,1.00,86,23.4336,0.68947,0.003287,95652,90.960,2394404
bunker,GFCAO,1.00,87,23.5179,0.69002,0.003278,96176,76.816,2450660
bunker,GFCAO,1.00,88,23.6201,0.69079,0.003437,96277,87.934,2451618
bunker,GFCAO,1.00,89,23.7127,0.69162,0.003249,96055,93.412,2389462
bunker,GFCAO,1.00,90,23.7753,0.69294,0.003205,96387,85.508,2403165
bunker,GFCAO,1.00,91,23.8756,0.69400,0.003680,97301,86.375,2471438
bunker,GFCAO,1.00,92,23.9555,0.69507,0.003089,97956,85.557,2529186
bunker,GFCAO,1.00,93,24.0407,0.69627,0.003108,95782,78.157,2390402
bunker,GFCAO,1.00,94,24.1095,0.69744,0.003165,96188,74.421,2445596
bunker,GFCAO,1.00,95,24.1894,0.69838,0.003262,96245,75.879,2456402
bunker,GFCAO,1.00,96,24.2773,0.69867,0.003237,96267,100.030,2393154
bunker,GFCAO,1.00,97,24.3382,0.70015,0.003235,96375,85.814,2409664
bunker,GFCAO,1.00,98,24.3946,0.70065,0.003336,96747,93.784,2448071
bunker,GFCAO,1.00,99,24.4656,0.70203,0.003153,98175,91.366,2534472
bunker,GFCAO,1.00,100,24.5525,0.70253,0.003160,95784,69.154,2401972
bunker,GFCAO,1.00,101,24.6046,0.70188,0.003112,96190,159.197,2440928
bunker,GFCAO,1.00,102,24.6484,0.70258,0.003045,96367,108.762,2449550
bunker,GFCAO,1.00,103,24.6900,0.70292,0.003297,96226,102.618,2409939
bunker,GFCAO,1.00,104,24.7109,0.70374,0.003111,96095,111.178,2403408
bunker,GFCAO,1.00,105,24.7666,0.70449,0.003097,96722,95.406,2444131
bunker,GFCAO,1.00,106,24.8093,0.70366,0.003098,98095,104.480,2521729
bunker,GFCAO,1.00,107,24.8716,0.70364,0.003046,96082,85.858,2424368
bunker,GFCAO,1.00,108,24.9281,0.70325,0.003180,96166,71.239,2433960
bunker,GFCAO,1.00,109,24.9802,0.70364,0.003053,96549,67.478,2458117
bunker,GFCAO,1.00,110,25.0571,0.70390,0.003329,96641,70.611,2428868
bunker,GFCAO,1.00,111,25.1018,0.70490,0.003073,95653,93.191,2383741
bunker,GFCAO,1.00,112,25.1419,0.70462,0.003119,96519,84.961,2433510
bunker,GFCAO,1.00,113,25.1765,0.70449,0.003036,98203,74.173,2524710
bunker,GFCAO,1.00,114,25.2181,0.70423,0.002962,96239,89.937,2424952
bunker,GFCAO,1.00,115,25.2535,0.70427,0.003149,96273,89.535,2436130
bunker,GFCAO,1.00,116,25.2955,0.70440,0.003178,96660,96.421,2459132
bunker,GFCAO,1.00,117,25.3219,0.70500,0.003181,96186,82.909,2415661
bunker,GFCAO,1.00,118,25.3943,0.70341,0.003225,95707,101.430,2386782
bunker,GFCAO,1.00,119,25.4524,0.70410,0.003094,96308,72.311,2420440
bunker,GFCAO,1.00,120,25.4848,0.70478,0.003151,98278,78.541,2538284
bunker,GFCAO,1.00,121,25.5466,0.70534,0.002989,96480,83.782,2432593
bunker,GFCAO,1.00,122,25.5657,0.70445,0.002995,96480,94.608,2437316
bunker,GFCAO,1.00,123,25.6026,0.70510,0.003312,96755,105.146,2469823
bunker,GFCAO,1.00,124,25.6276,0.70557,0.003205,95844,112.674,2409209
bunker,GFCAO,1.00,125,25.7018,0.70481,0.003054,95753,75.977,2383985
bunker,GFCAO,1.00,126,25.7366,0.70542,0.003004,96100,82.189,2407448
bunker,GFCAO,1.00,127,25.7836,0.70657,0.003169,98263,79.692,2530322
bunker,GFCAO,1.00,128,25.7975,0.70777,0.002820,96743,93.100,2438133
bunker,GFCAO,1.00,129,25.8317,0.70742,0.003080,96581,77.587,2449319
bunker,GFCAO,1.00,130,25.8566,0.70814,0.003087,96378,78.520,2456306
bunker,GFCAO,1.00,131,25.8826,0.70774,0.003193,95918,83.474,2410834
bunker,GFCAO,1.00,132,25.9281,0.70855,0.002931,95798,83.666,2383628
bunker,GFCAO,1.00,133,25.9630,0.70823,0.002921,96018,85.866,2402329
bunker,GFCAO,1.00,134,26.0043,0.70830,0.003270,98199,109.914,2519839
bunker,GFCAO,1.00,135,26.0405,0.70886,0.002926,97177,139.736,2456483
bunker,GFCAO,1.00,136,26.0585,0.70826,0.003111,96639,100.197,2451104
bunker,GFCAO,1.00,137,26.1015,0.70902,0.003186,95976,82.670,2439065
bunker,GFCAO,1.00,138,26.1337,0.70997,0.003103,96031,75.074,2429930
bunker,GFCAO,1.00,139,26.1789,0.70953,0.003063,95870,77.298,2391289
bunker,GFCAO,1.00,140,26.1947,0.70930,0.002876,95881,80.410,2391332
bunker,GFCAO,1.00,141,26.2537,0.70988,0.003264,98186,105.698,2512594
bunker,GFCAO,1.00,142,26.2798,0.70928,0.002967,97700,107.723,2490778
bunker,GFCAO,1.00,143,26.3091,0.70843,0.003371,96117,79.072,2422332
bunker,GFCAO,1.00,144,26.3063,0.70821,0.002914,95869,108.617,2443248
bunker,GFCAO,1.00,145,26.3191,0.70862,0.002959,96133,69.504,2432703
bunker,GFCAO,1.00,146,26.3497,0.70834,0.002898,96014,84.929,2398121
bunker,GFCAO,1.00,147,26.3903,0.70904,0.002918,95747,88.775,2384549
bunker,GFCAO,1.00,148,26.4005,0.70789,0.003328,98292,93.677,2506585
bunker,GFCAO,1.00,149,26.4657,0.70956,0.003191,97971,82.085,2515028
